source name	characteristics[organism]	characteristics[organism part]	characteristics[cell type]	characteristics[disease]	characteristics[age]	characteristics[sex]	characteristics[biological replicate]	characteristics[material type]	characteristics[sample type]	characteristics[enrichment process]	characteristics[crosslink distance]	characteristics[crosslinking reaction time]	characteristics[crosslinking temperature]	assay name	technology type	comment[data file]	comment[file uri]	comment[technical replicate]	comment[fraction identifier]	comment[label]	comment[instrument]	comment[proteomics data acquisition method]	comment[cleavage agent details]	comment[modification parameters]	comment[dissociation method]	comment[collision energy]	comment[precursor mass tolerance]	comment[fragment mass tolerance]	comment[fractionation method]	comment[chemical cross-linking coupled with ms]	comment[cross-linker]	comment[crosslink enrichment method]	comment[sdrf version]	comment[sdrf template]	comment[sdrf template]	comment[sdrf template]	factor value[enrichment strategy]
K-562 cell lysate DSSO crosslinked HILIC fractions	Homo sapiens	cell suspension culture	K-562 cell	chronic myelogenous leukemia	not available	not available	1	cell	not available	hydrophilic interaction chromatography	26.4 Å	not available	not available	K562_2mg_DSSO_HILIC_10_5pct	proteomic profiling by mass spectrometry	K562_2mg_DSSO_HILIC_10_5pct.raw	ftp://ftp.pride.ebi.ac.uk/pride/data/archive/2020/08/PXD018771/K562_2mg_DSSO_HILIC_10_5pct.raw	1	10_5pct	AC=MS:1002038;NT=label free sample	NT=Orbitrap Fusion Lumos;AC=MS:1002732	NT=Data-dependent acquisition;AC=PRIDE:0000449	NT=Trypsin;AC=MS:1001251	not available	not available	not available	not available	not available	hydrophilic interaction chromatography	chemical cross-linking coupled with mass spectrometry proteomics	NT=DSSO;AC=XLMOD:02010;CL=yes;TA=K,S,T,Y,nterm;MH=54.01;ML=85.98	hydrophilic interaction chromatography	v1.1.0	NT=ms-proteomics;VV=v1.1.0	NT=crosslinking;VV=v1.0.0	NT=human;VV=v1.1.0	HILIC
K-562 cell lysate DSSO crosslinked HILIC fractions	Homo sapiens	cell suspension culture	K-562 cell	chronic myelogenous leukemia	not available	not available	1	cell	not available	hydrophilic interaction chromatography	26.4 Å	not available	not available	K562_2mg_DSSO_HILIC_115_5pct	proteomic profiling by mass spectrometry	K562_2mg_DSSO_HILIC_115_5pct.raw	ftp://ftp.pride.ebi.ac.uk/pride/data/archive/2020/08/PXD018771/K562_2mg_DSSO_HILIC_115_5pct.raw	1	115_5pct	AC=MS:1002038;NT=label free sample	NT=Orbitrap Fusion Lumos;AC=MS:1002732	NT=Data-dependent acquisition;AC=PRIDE:0000449	NT=Trypsin;AC=MS:1001251	not available	not available	not available	not available	not available	hydrophilic interaction chromatography	chemical cross-linking coupled with mass spectrometry proteomics	NT=DSSO;AC=XLMOD:02010;CL=yes;TA=K,S,T,Y,nterm;MH=54.01;ML=85.98	hydrophilic interaction chromatography	v1.1.0	NT=ms-proteomics;VV=v1.1.0	NT=crosslinking;VV=v1.0.0	NT=human;VV=v1.1.0	HILIC
K-562 cell lysate DSSO crosslinked HILIC fractions	Homo sapiens	cell suspension culture	K-562 cell	chronic myelogenous leukemia	not available	not available	1	cell	not available	hydrophilic interaction chromatography	26.4 Å	not available	not available	K562_2mg_DSSO_HILIC_11_10pct	proteomic profiling by mass spectrometry	K562_2mg_DSSO_HILIC_11_10pct.raw	ftp://ftp.pride.ebi.ac.uk/pride/data/archive/2020/08/PXD018771/K562_2mg_DSSO_HILIC_11_10pct.raw	1	11_10pct	AC=MS:1002038;NT=label free sample	NT=Orbitrap Fusion Lumos;AC=MS:1002732	NT=Data-dependent acquisition;AC=PRIDE:0000449	NT=Trypsin;AC=MS:1001251	not available	not available	not available	not available	not available	hydrophilic interaction chromatography	chemical cross-linking coupled with mass spectrometry proteomics	NT=DSSO;AC=XLMOD:02010;CL=yes;TA=K,S,T,Y,nterm;MH=54.01;ML=85.98	hydrophilic interaction chromatography	v1.1.0	NT=ms-proteomics;VV=v1.1.0	NT=crosslinking;VV=v1.0.0	NT=human;VV=v1.1.0	HILIC
K-562 cell lysate DSSO crosslinked HILIC fractions	Homo sapiens	cell suspension culture	K-562 cell	chronic myelogenous leukemia	not available	not available	1	cell	not available	hydrophilic interaction chromatography	26.4 Å	not available	not available	K562_2mg_DSSO_HILIC_11_10pct_20171206063356	proteomic profiling by mass spectrometry	K562_2mg_DSSO_HILIC_11_10pct_20171206063356.raw	ftp://ftp.pride.ebi.ac.uk/pride/data/archive/2020/08/PXD018771/K562_2mg_DSSO_HILIC_11_10pct_20171206063356.raw	2	11_10pct	AC=MS:1002038;NT=label free sample	NT=Orbitrap Fusion Lumos;AC=MS:1002732	NT=Data-dependent acquisition;AC=PRIDE:0000449	NT=Trypsin;AC=MS:1001251	not available	not available	not available	not available	not available	hydrophilic interaction chromatography	chemical cross-linking coupled with mass spectrometry proteomics	NT=DSSO;AC=XLMOD:02010;CL=yes;TA=K,S,T,Y,nterm;MH=54.01;ML=85.98	hydrophilic interaction chromatography	v1.1.0	NT=ms-proteomics;VV=v1.1.0	NT=crosslinking;VV=v1.0.0	NT=human;VV=v1.1.0	HILIC
K-562 cell lysate DSSO crosslinked HILIC fractions	Homo sapiens	cell suspension culture	K-562 cell	chronic myelogenous leukemia	not available	not available	1	cell	not available	hydrophilic interaction chromatography	26.4 Å	not available	not available	K562_2mg_DSSO_HILIC_11_10pct_20171215183020	proteomic profiling by mass spectrometry	K562_2mg_DSSO_HILIC_11_10pct_20171215183020.raw	ftp://ftp.pride.ebi.ac.uk/pride/data/archive/2020/08/PXD018771/K562_2mg_DSSO_HILIC_11_10pct_20171215183020.raw	3	11_10pct	AC=MS:1002038;NT=label free sample	NT=Orbitrap Fusion Lumos;AC=MS:1002732	NT=Data-dependent acquisition;AC=PRIDE:0000449	NT=Trypsin;AC=MS:1001251	not available	not available	not available	not available	not available	hydrophilic interaction chromatography	chemical cross-linking coupled with mass spectrometry proteomics	NT=DSSO;AC=XLMOD:02010;CL=yes;TA=K,S,T,Y,nterm;MH=54.01;ML=85.98	hydrophilic interaction chromatography	v1.1.0	NT=ms-proteomics;VV=v1.1.0	NT=crosslinking;VV=v1.0.0	NT=human;VV=v1.1.0	HILIC
K-562 cell lysate DSSO crosslinked HILIC fractions	Homo sapiens	cell suspension culture	K-562 cell	chronic myelogenous leukemia	not available	not available	1	cell	not available	hydrophilic interaction chromatography	26.4 Å	not available	not available	K562_2mg_DSSO_HILIC_125_5pct	proteomic profiling by mass spectrometry	K562_2mg_DSSO_HILIC_125_5pct.raw	ftp://ftp.pride.ebi.ac.uk/pride/data/archive/2020/08/PXD018771/K562_2mg_DSSO_HILIC_125_5pct.raw	1	125_5pct	AC=MS:1002038;NT=label free sample	NT=Orbitrap Fusion Lumos;AC=MS:1002732	NT=Data-dependent acquisition;AC=PRIDE:0000449	NT=Trypsin;AC=MS:1001251	not available	not available	not available	not available	not available	hydrophilic interaction chromatography	chemical cross-linking coupled with mass spectrometry proteomics	NT=DSSO;AC=XLMOD:02010;CL=yes;TA=K,S,T,Y,nterm;MH=54.01;ML=85.98	hydrophilic interaction chromatography	v1.1.0	NT=ms-proteomics;VV=v1.1.0	NT=crosslinking;VV=v1.0.0	NT=human;VV=v1.1.0	HILIC
K-562 cell lysate DSSO crosslinked HILIC fractions	Homo sapiens	cell suspension culture	K-562 cell	chronic myelogenous leukemia	not available	not available	1	cell	not available	hydrophilic interaction chromatography	26.4 Å	not available	not available	K562_2mg_DSSO_HILIC_12_5pct	proteomic profiling by mass spectrometry	K562_2mg_DSSO_HILIC_12_5pct.raw	ftp://ftp.pride.ebi.ac.uk/pride/data/archive/2020/08/PXD018771/K562_2mg_DSSO_HILIC_12_5pct.raw	1	12_5pct	AC=MS:1002038;NT=label free sample	NT=Orbitrap Fusion Lumos;AC=MS:1002732	NT=Data-dependent acquisition;AC=PRIDE:0000449	NT=Trypsin;AC=MS:1001251	not available	not available	not available	not available	not available	hydrophilic interaction chromatography	chemical cross-linking coupled with mass spectrometry proteomics	NT=DSSO;AC=XLMOD:02010;CL=yes;TA=K,S,T,Y,nterm;MH=54.01;ML=85.98	hydrophilic interaction chromatography	v1.1.0	NT=ms-proteomics;VV=v1.1.0	NT=crosslinking;VV=v1.0.0	NT=human;VV=v1.1.0	HILIC
K-562 cell lysate DSSO crosslinked HILIC fractions	Homo sapiens	cell suspension culture	K-562 cell	chronic myelogenous leukemia	not available	not available	1	cell	not available	hydrophilic interaction chromatography	26.4 Å	not available	not available	K562_2mg_DSSO_HILIC_12_5pct_20171206134851	proteomic profiling by mass spectrometry	K562_2mg_DSSO_HILIC_12_5pct_20171206134851.raw	ftp://ftp.pride.ebi.ac.uk/pride/data/archive/2020/08/PXD018771/K562_2mg_DSSO_HILIC_12_5pct_20171206134851.raw	2	12_5pct	AC=MS:1002038;NT=label free sample	NT=Orbitrap Fusion Lumos;AC=MS:1002732	NT=Data-dependent acquisition;AC=PRIDE:0000449	NT=Trypsin;AC=MS:1001251	not available	not available	not available	not available	not available	hydrophilic interaction chromatography	chemical cross-linking coupled with mass spectrometry proteomics	NT=DSSO;AC=XLMOD:02010;CL=yes;TA=K,S,T,Y,nterm;MH=54.01;ML=85.98	hydrophilic interaction chromatography	v1.1.0	NT=ms-proteomics;VV=v1.1.0	NT=crosslinking;VV=v1.0.0	NT=human;VV=v1.1.0	HILIC
K-562 cell lysate DSSO crosslinked HILIC fractions	Homo sapiens	cell suspension culture	K-562 cell	chronic myelogenous leukemia	not available	not available	1	cell	not available	hydrophilic interaction chromatography	26.4 Å	not available	not available	K562_2mg_DSSO_HILIC_12_5pct_20171215220756	proteomic profiling by mass spectrometry	K562_2mg_DSSO_HILIC_12_5pct_20171215220756.raw	ftp://ftp.pride.ebi.ac.uk/pride/data/archive/2020/08/PXD018771/K562_2mg_DSSO_HILIC_12_5pct_20171215220756.raw	3	12_5pct	AC=MS:1002038;NT=label free sample	NT=Orbitrap Fusion Lumos;AC=MS:1002732	NT=Data-dependent acquisition;AC=PRIDE:0000449	NT=Trypsin;AC=MS:1001251	not available	not available	not available	not available	not available	hydrophilic interaction chromatography	chemical cross-linking coupled with mass spectrometry proteomics	NT=DSSO;AC=XLMOD:02010;CL=yes;TA=K,S,T,Y,nterm;MH=54.01;ML=85.98	hydrophilic interaction chromatography	v1.1.0	NT=ms-proteomics;VV=v1.1.0	NT=crosslinking;VV=v1.0.0	NT=human;VV=v1.1.0	HILIC
K-562 cell lysate DSSO crosslinked HILIC fractions	Homo sapiens	cell suspension culture	K-562 cell	chronic myelogenous leukemia	not available	not available	1	cell	not available	hydrophilic interaction chromatography	26.4 Å	not available	not available	K562_2mg_DSSO_HILIC_13_5pct	proteomic profiling by mass spectrometry	K562_2mg_DSSO_HILIC_13_5pct.raw	ftp://ftp.pride.ebi.ac.uk/pride/data/archive/2020/08/PXD018771/K562_2mg_DSSO_HILIC_13_5pct.raw	1	13_5pct	AC=MS:1002038;NT=label free sample	NT=Orbitrap Fusion Lumos;AC=MS:1002732	NT=Data-dependent acquisition;AC=PRIDE:0000449	NT=Trypsin;AC=MS:1001251	not available	not available	not available	not available	not available	hydrophilic interaction chromatography	chemical cross-linking coupled with mass spectrometry proteomics	NT=DSSO;AC=XLMOD:02010;CL=yes;TA=K,S,T,Y,nterm;MH=54.01;ML=85.98	hydrophilic interaction chromatography	v1.1.0	NT=ms-proteomics;VV=v1.1.0	NT=crosslinking;VV=v1.0.0	NT=human;VV=v1.1.0	HILIC
K-562 cell lysate DSSO crosslinked HILIC fractions	Homo sapiens	cell suspension culture	K-562 cell	chronic myelogenous leukemia	not available	not available	1	cell	not available	hydrophilic interaction chromatography	26.4 Å	not available	not available	K562_2mg_DSSO_HILIC_13_5pct_20171206222105	proteomic profiling by mass spectrometry	K562_2mg_DSSO_HILIC_13_5pct_20171206222105.raw	ftp://ftp.pride.ebi.ac.uk/pride/data/archive/2020/08/PXD018771/K562_2mg_DSSO_HILIC_13_5pct_20171206222105.raw	2	13_5pct	AC=MS:1002038;NT=label free sample	NT=Orbitrap Fusion Lumos;AC=MS:1002732	NT=Data-dependent acquisition;AC=PRIDE:0000449	NT=Trypsin;AC=MS:1001251	not available	not available	not available	not available	not available	hydrophilic interaction chromatography	chemical cross-linking coupled with mass spectrometry proteomics	NT=DSSO;AC=XLMOD:02010;CL=yes;TA=K,S,T,Y,nterm;MH=54.01;ML=85.98	hydrophilic interaction chromatography	v1.1.0	NT=ms-proteomics;VV=v1.1.0	NT=crosslinking;VV=v1.0.0	NT=human;VV=v1.1.0	HILIC
K-562 cell lysate DSSO crosslinked HILIC fractions	Homo sapiens	cell suspension culture	K-562 cell	chronic myelogenous leukemia	not available	not available	1	cell	not available	hydrophilic interaction chromatography	26.4 Å	not available	not available	K562_2mg_DSSO_HILIC_13_5pct_20171216014535	proteomic profiling by mass spectrometry	K562_2mg_DSSO_HILIC_13_5pct_20171216014535.raw	ftp://ftp.pride.ebi.ac.uk/pride/data/archive/2020/08/PXD018771/K562_2mg_DSSO_HILIC_13_5pct_20171216014535.raw	3	13_5pct	AC=MS:1002038;NT=label free sample	NT=Orbitrap Fusion Lumos;AC=MS:1002732	NT=Data-dependent acquisition;AC=PRIDE:0000449	NT=Trypsin;AC=MS:1001251	not available	not available	not available	not available	not available	hydrophilic interaction chromatography	chemical cross-linking coupled with mass spectrometry proteomics	NT=DSSO;AC=XLMOD:02010;CL=yes;TA=K,S,T,Y,nterm;MH=54.01;ML=85.98	hydrophilic interaction chromatography	v1.1.0	NT=ms-proteomics;VV=v1.1.0	NT=crosslinking;VV=v1.0.0	NT=human;VV=v1.1.0	HILIC
K-562 cell lysate DSSO crosslinked HILIC fractions	Homo sapiens	cell suspension culture	K-562 cell	chronic myelogenous leukemia	not available	not available	1	cell	not available	hydrophilic interaction chromatography	26.4 Å	not available	not available	K562_2mg_DSSO_HILIC_145_10pct	proteomic profiling by mass spectrometry	K562_2mg_DSSO_HILIC_145_10pct.raw	ftp://ftp.pride.ebi.ac.uk/pride/data/archive/2020/08/PXD018771/K562_2mg_DSSO_HILIC_145_10pct.raw	1	145_10pct	AC=MS:1002038;NT=label free sample	NT=Orbitrap Fusion Lumos;AC=MS:1002732	NT=Data-dependent acquisition;AC=PRIDE:0000449	NT=Trypsin;AC=MS:1001251	not available	not available	not available	not available	not available	hydrophilic interaction chromatography	chemical cross-linking coupled with mass spectrometry proteomics	NT=DSSO;AC=XLMOD:02010;CL=yes;TA=K,S,T,Y,nterm;MH=54.01;ML=85.98	hydrophilic interaction chromatography	v1.1.0	NT=ms-proteomics;VV=v1.1.0	NT=crosslinking;VV=v1.0.0	NT=human;VV=v1.1.0	HILIC
K-562 cell lysate DSSO crosslinked HILIC fractions	Homo sapiens	cell suspension culture	K-562 cell	chronic myelogenous leukemia	not available	not available	1	cell	not available	hydrophilic interaction chromatography	26.4 Å	not available	not available	K562_2mg_DSSO_HILIC_145_10pct_20171217020557	proteomic profiling by mass spectrometry	K562_2mg_DSSO_HILIC_145_10pct_20171217020557.raw	ftp://ftp.pride.ebi.ac.uk/pride/data/archive/2020/08/PXD018771/K562_2mg_DSSO_HILIC_145_10pct_20171217020557.raw	2	145_10pct	AC=MS:1002038;NT=label free sample	NT=Orbitrap Fusion Lumos;AC=MS:1002732	NT=Data-dependent acquisition;AC=PRIDE:0000449	NT=Trypsin;AC=MS:1001251	not available	not available	not available	not available	not available	hydrophilic interaction chromatography	chemical cross-linking coupled with mass spectrometry proteomics	NT=DSSO;AC=XLMOD:02010;CL=yes;TA=K,S,T,Y,nterm;MH=54.01;ML=85.98	hydrophilic interaction chromatography	v1.1.0	NT=ms-proteomics;VV=v1.1.0	NT=crosslinking;VV=v1.0.0	NT=human;VV=v1.1.0	HILIC
K-562 cell lysate DSSO crosslinked HILIC fractions	Homo sapiens	cell suspension culture	K-562 cell	chronic myelogenous leukemia	not available	not available	1	cell	not available	hydrophilic interaction chromatography	26.4 Å	not available	not available	K562_2mg_DSSO_HILIC_145_20pct	proteomic profiling by mass spectrometry	K562_2mg_DSSO_HILIC_145_20pct.raw	ftp://ftp.pride.ebi.ac.uk/pride/data/archive/2020/08/PXD018771/K562_2mg_DSSO_HILIC_145_20pct.raw	1	145_20pct	AC=MS:1002038;NT=label free sample	NT=Orbitrap Fusion Lumos;AC=MS:1002732	NT=Data-dependent acquisition;AC=PRIDE:0000449	NT=Trypsin;AC=MS:1001251	not available	not available	not available	not available	not available	hydrophilic interaction chromatography	chemical cross-linking coupled with mass spectrometry proteomics	NT=DSSO;AC=XLMOD:02010;CL=yes;TA=K,S,T,Y,nterm;MH=54.01;ML=85.98	hydrophilic interaction chromatography	v1.1.0	NT=ms-proteomics;VV=v1.1.0	NT=crosslinking;VV=v1.0.0	NT=human;VV=v1.1.0	HILIC
K-562 cell lysate DSSO crosslinked HILIC fractions	Homo sapiens	cell suspension culture	K-562 cell	chronic myelogenous leukemia	not available	not available	1	cell	not available	hydrophilic interaction chromatography	26.4 Å	not available	not available	K562_2mg_DSSO_HILIC_145_20pct_20171217054334	proteomic profiling by mass spectrometry	K562_2mg_DSSO_HILIC_145_20pct_20171217054334.raw	ftp://ftp.pride.ebi.ac.uk/pride/data/archive/2020/08/PXD018771/K562_2mg_DSSO_HILIC_145_20pct_20171217054334.raw	2	145_20pct	AC=MS:1002038;NT=label free sample	NT=Orbitrap Fusion Lumos;AC=MS:1002732	NT=Data-dependent acquisition;AC=PRIDE:0000449	NT=Trypsin;AC=MS:1001251	not available	not available	not available	not available	not available	hydrophilic interaction chromatography	chemical cross-linking coupled with mass spectrometry proteomics	NT=DSSO;AC=XLMOD:02010;CL=yes;TA=K,S,T,Y,nterm;MH=54.01;ML=85.98	hydrophilic interaction chromatography	v1.1.0	NT=ms-proteomics;VV=v1.1.0	NT=crosslinking;VV=v1.0.0	NT=human;VV=v1.1.0	HILIC
K-562 cell lysate DSSO crosslinked HILIC fractions	Homo sapiens	cell suspension culture	K-562 cell	chronic myelogenous leukemia	not available	not available	1	cell	not available	hydrophilic interaction chromatography	26.4 Å	not available	not available	K562_2mg_DSSO_HILIC_145_5pct	proteomic profiling by mass spectrometry	K562_2mg_DSSO_HILIC_145_5pct.raw	ftp://ftp.pride.ebi.ac.uk/pride/data/archive/2020/08/PXD018771/K562_2mg_DSSO_HILIC_145_5pct.raw	1	145_5pct	AC=MS:1002038;NT=label free sample	NT=Orbitrap Fusion Lumos;AC=MS:1002732	NT=Data-dependent acquisition;AC=PRIDE:0000449	NT=Trypsin;AC=MS:1001251	not available	not available	not available	not available	not available	hydrophilic interaction chromatography	chemical cross-linking coupled with mass spectrometry proteomics	NT=DSSO;AC=XLMOD:02010;CL=yes;TA=K,S,T,Y,nterm;MH=54.01;ML=85.98	hydrophilic interaction chromatography	v1.1.0	NT=ms-proteomics;VV=v1.1.0	NT=crosslinking;VV=v1.0.0	NT=human;VV=v1.1.0	HILIC
K-562 cell lysate DSSO crosslinked HILIC fractions	Homo sapiens	cell suspension culture	K-562 cell	chronic myelogenous leukemia	not available	not available	1	cell	not available	hydrophilic interaction chromatography	26.4 Å	not available	not available	K562_2mg_DSSO_HILIC_145_5pct_20171216222819	proteomic profiling by mass spectrometry	K562_2mg_DSSO_HILIC_145_5pct_20171216222819.raw	ftp://ftp.pride.ebi.ac.uk/pride/data/archive/2020/08/PXD018771/K562_2mg_DSSO_HILIC_145_5pct_20171216222819.raw	2	145_5pct	AC=MS:1002038;NT=label free sample	NT=Orbitrap Fusion Lumos;AC=MS:1002732	NT=Data-dependent acquisition;AC=PRIDE:0000449	NT=Trypsin;AC=MS:1001251	not available	not available	not available	not available	not available	hydrophilic interaction chromatography	chemical cross-linking coupled with mass spectrometry proteomics	NT=DSSO;AC=XLMOD:02010;CL=yes;TA=K,S,T,Y,nterm;MH=54.01;ML=85.98	hydrophilic interaction chromatography	v1.1.0	NT=ms-proteomics;VV=v1.1.0	NT=crosslinking;VV=v1.0.0	NT=human;VV=v1.1.0	HILIC
K-562 cell lysate DSSO crosslinked HILIC fractions	Homo sapiens	cell suspension culture	K-562 cell	chronic myelogenous leukemia	not available	not available	1	cell	not available	hydrophilic interaction chromatography	26.4 Å	not available	not available	K562_2mg_DSSO_HILIC_14_20pct	proteomic profiling by mass spectrometry	K562_2mg_DSSO_HILIC_14_20pct.raw	ftp://ftp.pride.ebi.ac.uk/pride/data/archive/2020/08/PXD018771/K562_2mg_DSSO_HILIC_14_20pct.raw	1	14_20pct	AC=MS:1002038;NT=label free sample	NT=Orbitrap Fusion Lumos;AC=MS:1002732	NT=Data-dependent acquisition;AC=PRIDE:0000449	NT=Trypsin;AC=MS:1001251	not available	not available	not available	not available	not available	hydrophilic interaction chromatography	chemical cross-linking coupled with mass spectrometry proteomics	NT=DSSO;AC=XLMOD:02010;CL=yes;TA=K,S,T,Y,nterm;MH=54.01;ML=85.98	hydrophilic interaction chromatography	v1.1.0	NT=ms-proteomics;VV=v1.1.0	NT=crosslinking;VV=v1.0.0	NT=human;VV=v1.1.0	HILIC
K-562 cell lysate DSSO crosslinked HILIC fractions	Homo sapiens	cell suspension culture	K-562 cell	chronic myelogenous leukemia	not available	not available	1	cell	not available	hydrophilic interaction chromatography	26.4 Å	not available	not available	K562_2mg_DSSO_HILIC_14_20pct_20171207053606	proteomic profiling by mass spectrometry	K562_2mg_DSSO_HILIC_14_20pct_20171207053606.raw	ftp://ftp.pride.ebi.ac.uk/pride/data/archive/2020/08/PXD018771/K562_2mg_DSSO_HILIC_14_20pct_20171207053606.raw	2	14_20pct	AC=MS:1002038;NT=label free sample	NT=Orbitrap Fusion Lumos;AC=MS:1002732	NT=Data-dependent acquisition;AC=PRIDE:0000449	NT=Trypsin;AC=MS:1001251	not available	not available	not available	not available	not available	hydrophilic interaction chromatography	chemical cross-linking coupled with mass spectrometry proteomics	NT=DSSO;AC=XLMOD:02010;CL=yes;TA=K,S,T,Y,nterm;MH=54.01;ML=85.98	hydrophilic interaction chromatography	v1.1.0	NT=ms-proteomics;VV=v1.1.0	NT=crosslinking;VV=v1.0.0	NT=human;VV=v1.1.0	HILIC
K-562 cell lysate DSSO crosslinked HILIC fractions	Homo sapiens	cell suspension culture	K-562 cell	chronic myelogenous leukemia	not available	not available	1	cell	not available	hydrophilic interaction chromatography	26.4 Å	not available	not available	K562_2mg_DSSO_HILIC_14_20pct_20171216052313	proteomic profiling by mass spectrometry	K562_2mg_DSSO_HILIC_14_20pct_20171216052313.raw	ftp://ftp.pride.ebi.ac.uk/pride/data/archive/2020/08/PXD018771/K562_2mg_DSSO_HILIC_14_20pct_20171216052313.raw	3	14_20pct	AC=MS:1002038;NT=label free sample	NT=Orbitrap Fusion Lumos;AC=MS:1002732	NT=Data-dependent acquisition;AC=PRIDE:0000449	NT=Trypsin;AC=MS:1001251	not available	not available	not available	not available	not available	hydrophilic interaction chromatography	chemical cross-linking coupled with mass spectrometry proteomics	NT=DSSO;AC=XLMOD:02010;CL=yes;TA=K,S,T,Y,nterm;MH=54.01;ML=85.98	hydrophilic interaction chromatography	v1.1.0	NT=ms-proteomics;VV=v1.1.0	NT=crosslinking;VV=v1.0.0	NT=human;VV=v1.1.0	HILIC
K-562 cell lysate DSSO crosslinked HILIC fractions	Homo sapiens	cell suspension culture	K-562 cell	chronic myelogenous leukemia	not available	not available	1	cell	not available	hydrophilic interaction chromatography	26.4 Å	not available	not available	K562_2mg_DSSO_HILIC_155_10pct	proteomic profiling by mass spectrometry	K562_2mg_DSSO_HILIC_155_10pct.raw	ftp://ftp.pride.ebi.ac.uk/pride/data/archive/2020/08/PXD018771/K562_2mg_DSSO_HILIC_155_10pct.raw	1	155_10pct	AC=MS:1002038;NT=label free sample	NT=Orbitrap Fusion Lumos;AC=MS:1002732	NT=Data-dependent acquisition;AC=PRIDE:0000449	NT=Trypsin;AC=MS:1001251	not available	not available	not available	not available	not available	hydrophilic interaction chromatography	chemical cross-linking coupled with mass spectrometry proteomics	NT=DSSO;AC=XLMOD:02010;CL=yes;TA=K,S,T,Y,nterm;MH=54.01;ML=85.98	hydrophilic interaction chromatography	v1.1.0	NT=ms-proteomics;VV=v1.1.0	NT=crosslinking;VV=v1.0.0	NT=human;VV=v1.1.0	HILIC
K-562 cell lysate DSSO crosslinked HILIC fractions	Homo sapiens	cell suspension culture	K-562 cell	chronic myelogenous leukemia	not available	not available	1	cell	not available	hydrophilic interaction chromatography	26.4 Å	not available	not available	K562_2mg_DSSO_HILIC_155_10pct_20171217175344	proteomic profiling by mass spectrometry	K562_2mg_DSSO_HILIC_155_10pct_20171217175344.raw	ftp://ftp.pride.ebi.ac.uk/pride/data/archive/2020/08/PXD018771/K562_2mg_DSSO_HILIC_155_10pct_20171217175344.raw	2	155_10pct	AC=MS:1002038;NT=label free sample	NT=Orbitrap Fusion Lumos;AC=MS:1002732	NT=Data-dependent acquisition;AC=PRIDE:0000449	NT=Trypsin;AC=MS:1001251	not available	not available	not available	not available	not available	hydrophilic interaction chromatography	chemical cross-linking coupled with mass spectrometry proteomics	NT=DSSO;AC=XLMOD:02010;CL=yes;TA=K,S,T,Y,nterm;MH=54.01;ML=85.98	hydrophilic interaction chromatography	v1.1.0	NT=ms-proteomics;VV=v1.1.0	NT=crosslinking;VV=v1.0.0	NT=human;VV=v1.1.0	HILIC
K-562 cell lysate DSSO crosslinked HILIC fractions	Homo sapiens	cell suspension culture	K-562 cell	chronic myelogenous leukemia	not available	not available	1	cell	not available	hydrophilic interaction chromatography	26.4 Å	not available	not available	K562_2mg_DSSO_HILIC_155_30pct	proteomic profiling by mass spectrometry	K562_2mg_DSSO_HILIC_155_30pct.raw	ftp://ftp.pride.ebi.ac.uk/pride/data/archive/2020/08/PXD018771/K562_2mg_DSSO_HILIC_155_30pct.raw	1	155_30pct	AC=MS:1002038;NT=label free sample	NT=Orbitrap Fusion Lumos;AC=MS:1002732	NT=Data-dependent acquisition;AC=PRIDE:0000449	NT=Trypsin;AC=MS:1001251	not available	not available	not available	not available	not available	hydrophilic interaction chromatography	chemical cross-linking coupled with mass spectrometry proteomics	NT=DSSO;AC=XLMOD:02010;CL=yes;TA=K,S,T,Y,nterm;MH=54.01;ML=85.98	hydrophilic interaction chromatography	v1.1.0	NT=ms-proteomics;VV=v1.1.0	NT=crosslinking;VV=v1.0.0	NT=human;VV=v1.1.0	HILIC
K-562 cell lysate DSSO crosslinked HILIC fractions	Homo sapiens	cell suspension culture	K-562 cell	chronic myelogenous leukemia	not available	not available	1	cell	not available	hydrophilic interaction chromatography	26.4 Å	not available	not available	K562_2mg_DSSO_HILIC_155_30pct_20171217213108	proteomic profiling by mass spectrometry	K562_2mg_DSSO_HILIC_155_30pct_20171217213108.raw	ftp://ftp.pride.ebi.ac.uk/pride/data/archive/2020/08/PXD018771/K562_2mg_DSSO_HILIC_155_30pct_20171217213108.raw	2	155_30pct	AC=MS:1002038;NT=label free sample	NT=Orbitrap Fusion Lumos;AC=MS:1002732	NT=Data-dependent acquisition;AC=PRIDE:0000449	NT=Trypsin;AC=MS:1001251	not available	not available	not available	not available	not available	hydrophilic interaction chromatography	chemical cross-linking coupled with mass spectrometry proteomics	NT=DSSO;AC=XLMOD:02010;CL=yes;TA=K,S,T,Y,nterm;MH=54.01;ML=85.98	hydrophilic interaction chromatography	v1.1.0	NT=ms-proteomics;VV=v1.1.0	NT=crosslinking;VV=v1.0.0	NT=human;VV=v1.1.0	HILIC
K-562 cell lysate DSSO crosslinked HILIC fractions	Homo sapiens	cell suspension culture	K-562 cell	chronic myelogenous leukemia	not available	not available	1	cell	not available	hydrophilic interaction chromatography	26.4 Å	not available	not available	K562_2mg_DSSO_HILIC_15_30pct	proteomic profiling by mass spectrometry	K562_2mg_DSSO_HILIC_15_30pct.raw	ftp://ftp.pride.ebi.ac.uk/pride/data/archive/2020/08/PXD018771/K562_2mg_DSSO_HILIC_15_30pct.raw	1	15_30pct	AC=MS:1002038;NT=label free sample	NT=Orbitrap Fusion Lumos;AC=MS:1002732	NT=Data-dependent acquisition;AC=PRIDE:0000449	NT=Trypsin;AC=MS:1001251	not available	not available	not available	not available	not available	hydrophilic interaction chromatography	chemical cross-linking coupled with mass spectrometry proteomics	NT=DSSO;AC=XLMOD:02010;CL=yes;TA=K,S,T,Y,nterm;MH=54.01;ML=85.98	hydrophilic interaction chromatography	v1.1.0	NT=ms-proteomics;VV=v1.1.0	NT=crosslinking;VV=v1.0.0	NT=human;VV=v1.1.0	HILIC
K-562 cell lysate DSSO crosslinked HILIC fractions	Homo sapiens	cell suspension culture	K-562 cell	chronic myelogenous leukemia	not available	not available	1	cell	not available	hydrophilic interaction chromatography	26.4 Å	not available	not available	K562_2mg_DSSO_HILIC_15_30pct_20171207140819	proteomic profiling by mass spectrometry	K562_2mg_DSSO_HILIC_15_30pct_20171207140819.raw	ftp://ftp.pride.ebi.ac.uk/pride/data/archive/2020/08/PXD018771/K562_2mg_DSSO_HILIC_15_30pct_20171207140819.raw	2	15_30pct	AC=MS:1002038;NT=label free sample	NT=Orbitrap Fusion Lumos;AC=MS:1002732	NT=Data-dependent acquisition;AC=PRIDE:0000449	NT=Trypsin;AC=MS:1001251	not available	not available	not available	not available	not available	hydrophilic interaction chromatography	chemical cross-linking coupled with mass spectrometry proteomics	NT=DSSO;AC=XLMOD:02010;CL=yes;TA=K,S,T,Y,nterm;MH=54.01;ML=85.98	hydrophilic interaction chromatography	v1.1.0	NT=ms-proteomics;VV=v1.1.0	NT=crosslinking;VV=v1.0.0	NT=human;VV=v1.1.0	HILIC
K-562 cell lysate DSSO crosslinked HILIC fractions	Homo sapiens	cell suspension culture	K-562 cell	chronic myelogenous leukemia	not available	not available	1	cell	not available	hydrophilic interaction chromatography	26.4 Å	not available	not available	K562_2mg_DSSO_HILIC_165_20pct	proteomic profiling by mass spectrometry	K562_2mg_DSSO_HILIC_165_20pct.raw	ftp://ftp.pride.ebi.ac.uk/pride/data/archive/2020/08/PXD018771/K562_2mg_DSSO_HILIC_165_20pct.raw	1	165_20pct	AC=MS:1002038;NT=label free sample	NT=Orbitrap Fusion Lumos;AC=MS:1002732	NT=Data-dependent acquisition;AC=PRIDE:0000449	NT=Trypsin;AC=MS:1001251	not available	not available	not available	not available	not available	hydrophilic interaction chromatography	chemical cross-linking coupled with mass spectrometry proteomics	NT=DSSO;AC=XLMOD:02010;CL=yes;TA=K,S,T,Y,nterm;MH=54.01;ML=85.98	hydrophilic interaction chromatography	v1.1.0	NT=ms-proteomics;VV=v1.1.0	NT=crosslinking;VV=v1.0.0	NT=human;VV=v1.1.0	HILIC
K-562 cell lysate DSSO crosslinked HILIC fractions	Homo sapiens	cell suspension culture	K-562 cell	chronic myelogenous leukemia	not available	not available	1	cell	not available	hydrophilic interaction chromatography	26.4 Å	not available	not available	K562_2mg_DSSO_HILIC_165_20pct_20171218095337	proteomic profiling by mass spectrometry	K562_2mg_DSSO_HILIC_165_20pct_20171218095337.raw	ftp://ftp.pride.ebi.ac.uk/pride/data/archive/2020/08/PXD018771/K562_2mg_DSSO_HILIC_165_20pct_20171218095337.raw	2	165_20pct	AC=MS:1002038;NT=label free sample	NT=Orbitrap Fusion Lumos;AC=MS:1002732	NT=Data-dependent acquisition;AC=PRIDE:0000449	NT=Trypsin;AC=MS:1001251	not available	not available	not available	not available	not available	hydrophilic interaction chromatography	chemical cross-linking coupled with mass spectrometry proteomics	NT=DSSO;AC=XLMOD:02010;CL=yes;TA=K,S,T,Y,nterm;MH=54.01;ML=85.98	hydrophilic interaction chromatography	v1.1.0	NT=ms-proteomics;VV=v1.1.0	NT=crosslinking;VV=v1.0.0	NT=human;VV=v1.1.0	HILIC
K-562 cell lysate DSSO crosslinked HILIC fractions	Homo sapiens	cell suspension culture	K-562 cell	chronic myelogenous leukemia	not available	not available	1	cell	not available	hydrophilic interaction chromatography	26.4 Å	not available	not available	K562_2mg_DSSO_HILIC_165_40pct	proteomic profiling by mass spectrometry	K562_2mg_DSSO_HILIC_165_40pct.raw	ftp://ftp.pride.ebi.ac.uk/pride/data/archive/2020/08/PXD018771/K562_2mg_DSSO_HILIC_165_40pct.raw	1	165_40pct	AC=MS:1002038;NT=label free sample	NT=Orbitrap Fusion Lumos;AC=MS:1002732	NT=Data-dependent acquisition;AC=PRIDE:0000449	NT=Trypsin;AC=MS:1001251	not available	not available	not available	not available	not available	hydrophilic interaction chromatography	chemical cross-linking coupled with mass spectrometry proteomics	NT=DSSO;AC=XLMOD:02010;CL=yes;TA=K,S,T,Y,nterm;MH=54.01;ML=85.98	hydrophilic interaction chromatography	v1.1.0	NT=ms-proteomics;VV=v1.1.0	NT=crosslinking;VV=v1.0.0	NT=human;VV=v1.1.0	HILIC
K-562 cell lysate DSSO crosslinked HILIC fractions	Homo sapiens	cell suspension culture	K-562 cell	chronic myelogenous leukemia	not available	not available	1	cell	not available	hydrophilic interaction chromatography	26.4 Å	not available	not available	K562_2mg_DSSO_HILIC_16_40pct	proteomic profiling by mass spectrometry	K562_2mg_DSSO_HILIC_16_40pct.raw	ftp://ftp.pride.ebi.ac.uk/pride/data/archive/2020/08/PXD018771/K562_2mg_DSSO_HILIC_16_40pct.raw	1	16_40pct	AC=MS:1002038;NT=label free sample	NT=Orbitrap Fusion Lumos;AC=MS:1002732	NT=Data-dependent acquisition;AC=PRIDE:0000449	NT=Trypsin;AC=MS:1001251	not available	not available	not available	not available	not available	hydrophilic interaction chromatography	chemical cross-linking coupled with mass spectrometry proteomics	NT=DSSO;AC=XLMOD:02010;CL=yes;TA=K,S,T,Y,nterm;MH=54.01;ML=85.98	hydrophilic interaction chromatography	v1.1.0	NT=ms-proteomics;VV=v1.1.0	NT=crosslinking;VV=v1.0.0	NT=human;VV=v1.1.0	HILIC
K-562 cell lysate DSSO crosslinked HILIC fractions	Homo sapiens	cell suspension culture	K-562 cell	chronic myelogenous leukemia	not available	not available	1	cell	not available	hydrophilic interaction chromatography	26.4 Å	not available	not available	K562_2mg_DSSO_HILIC_16_40pct_20171207212930	proteomic profiling by mass spectrometry	K562_2mg_DSSO_HILIC_16_40pct_20171207212930.raw	ftp://ftp.pride.ebi.ac.uk/pride/data/archive/2020/08/PXD018771/K562_2mg_DSSO_HILIC_16_40pct_20171207212930.raw	2	16_40pct	AC=MS:1002038;NT=label free sample	NT=Orbitrap Fusion Lumos;AC=MS:1002732	NT=Data-dependent acquisition;AC=PRIDE:0000449	NT=Trypsin;AC=MS:1001251	not available	not available	not available	not available	not available	hydrophilic interaction chromatography	chemical cross-linking coupled with mass spectrometry proteomics	NT=DSSO;AC=XLMOD:02010;CL=yes;TA=K,S,T,Y,nterm;MH=54.01;ML=85.98	hydrophilic interaction chromatography	v1.1.0	NT=ms-proteomics;VV=v1.1.0	NT=crosslinking;VV=v1.0.0	NT=human;VV=v1.1.0	HILIC
K-562 cell lysate DSSO crosslinked HILIC fractions	Homo sapiens	cell suspension culture	K-562 cell	chronic myelogenous leukemia	not available	not available	1	cell	not available	hydrophilic interaction chromatography	26.4 Å	not available	not available	K562_2mg_DSSO_HILIC_175_40pct	proteomic profiling by mass spectrometry	K562_2mg_DSSO_HILIC_175_40pct.raw	ftp://ftp.pride.ebi.ac.uk/pride/data/archive/2020/08/PXD018771/K562_2mg_DSSO_HILIC_175_40pct.raw	1	175_40pct	AC=MS:1002038;NT=label free sample	NT=Orbitrap Fusion Lumos;AC=MS:1002732	NT=Data-dependent acquisition;AC=PRIDE:0000449	NT=Trypsin;AC=MS:1001251	not available	not available	not available	not available	not available	hydrophilic interaction chromatography	chemical cross-linking coupled with mass spectrometry proteomics	NT=DSSO;AC=XLMOD:02010;CL=yes;TA=K,S,T,Y,nterm;MH=54.01;ML=85.98	hydrophilic interaction chromatography	v1.1.0	NT=ms-proteomics;VV=v1.1.0	NT=crosslinking;VV=v1.0.0	NT=human;VV=v1.1.0	HILIC
K-562 cell lysate DSSO crosslinked HILIC fractions	Homo sapiens	cell suspension culture	K-562 cell	chronic myelogenous leukemia	not available	not available	1	cell	not available	hydrophilic interaction chromatography	26.4 Å	not available	not available	K562_2mg_DSSO_HILIC_175_40pct_20171213213827	proteomic profiling by mass spectrometry	K562_2mg_DSSO_HILIC_175_40pct_20171213213827.raw	ftp://ftp.pride.ebi.ac.uk/pride/data/archive/2020/08/PXD018771/K562_2mg_DSSO_HILIC_175_40pct_20171213213827.raw	2	175_40pct	AC=MS:1002038;NT=label free sample	NT=Orbitrap Fusion Lumos;AC=MS:1002732	NT=Data-dependent acquisition;AC=PRIDE:0000449	NT=Trypsin;AC=MS:1001251	not available	not available	not available	not available	not available	hydrophilic interaction chromatography	chemical cross-linking coupled with mass spectrometry proteomics	NT=DSSO;AC=XLMOD:02010;CL=yes;TA=K,S,T,Y,nterm;MH=54.01;ML=85.98	hydrophilic interaction chromatography	v1.1.0	NT=ms-proteomics;VV=v1.1.0	NT=crosslinking;VV=v1.0.0	NT=human;VV=v1.1.0	HILIC
K-562 cell lysate DSSO crosslinked HILIC fractions	Homo sapiens	cell suspension culture	K-562 cell	chronic myelogenous leukemia	not available	not available	1	cell	not available	hydrophilic interaction chromatography	26.4 Å	not available	not available	K562_2mg_DSSO_HILIC_17_40pct	proteomic profiling by mass spectrometry	K562_2mg_DSSO_HILIC_17_40pct.raw	ftp://ftp.pride.ebi.ac.uk/pride/data/archive/2020/08/PXD018771/K562_2mg_DSSO_HILIC_17_40pct.raw	1	17_40pct	AC=MS:1002038;NT=label free sample	NT=Orbitrap Fusion Lumos;AC=MS:1002732	NT=Data-dependent acquisition;AC=PRIDE:0000449	NT=Trypsin;AC=MS:1001251	not available	not available	not available	not available	not available	hydrophilic interaction chromatography	chemical cross-linking coupled with mass spectrometry proteomics	NT=DSSO;AC=XLMOD:02010;CL=yes;TA=K,S,T,Y,nterm;MH=54.01;ML=85.98	hydrophilic interaction chromatography	v1.1.0	NT=ms-proteomics;VV=v1.1.0	NT=crosslinking;VV=v1.0.0	NT=human;VV=v1.1.0	HILIC
K-562 cell lysate DSSO crosslinked HILIC fractions	Homo sapiens	cell suspension culture	K-562 cell	chronic myelogenous leukemia	not available	not available	1	cell	not available	hydrophilic interaction chromatography	26.4 Å	not available	not available	K562_2mg_DSSO_HILIC_17_40pct_20171208061338	proteomic profiling by mass spectrometry	K562_2mg_DSSO_HILIC_17_40pct_20171208061338.raw	ftp://ftp.pride.ebi.ac.uk/pride/data/archive/2020/08/PXD018771/K562_2mg_DSSO_HILIC_17_40pct_20171208061338.raw	2	17_40pct	AC=MS:1002038;NT=label free sample	NT=Orbitrap Fusion Lumos;AC=MS:1002732	NT=Data-dependent acquisition;AC=PRIDE:0000449	NT=Trypsin;AC=MS:1001251	not available	not available	not available	not available	not available	hydrophilic interaction chromatography	chemical cross-linking coupled with mass spectrometry proteomics	NT=DSSO;AC=XLMOD:02010;CL=yes;TA=K,S,T,Y,nterm;MH=54.01;ML=85.98	hydrophilic interaction chromatography	v1.1.0	NT=ms-proteomics;VV=v1.1.0	NT=crosslinking;VV=v1.0.0	NT=human;VV=v1.1.0	HILIC
K-562 cell lysate DSSO crosslinked HILIC fractions	Homo sapiens	cell suspension culture	K-562 cell	chronic myelogenous leukemia	not available	not available	1	cell	not available	hydrophilic interaction chromatography	26.4 Å	not available	not available	K562_2mg_DSSO_HILIC_18_50pct	proteomic profiling by mass spectrometry	K562_2mg_DSSO_HILIC_18_50pct.raw	ftp://ftp.pride.ebi.ac.uk/pride/data/archive/2020/08/PXD018771/K562_2mg_DSSO_HILIC_18_50pct.raw	1	18_50pct	AC=MS:1002038;NT=label free sample	NT=Orbitrap Fusion Lumos;AC=MS:1002732	NT=Data-dependent acquisition;AC=PRIDE:0000449	NT=Trypsin;AC=MS:1001251	not available	not available	not available	not available	not available	hydrophilic interaction chromatography	chemical cross-linking coupled with mass spectrometry proteomics	NT=DSSO;AC=XLMOD:02010;CL=yes;TA=K,S,T,Y,nterm;MH=54.01;ML=85.98	hydrophilic interaction chromatography	v1.1.0	NT=ms-proteomics;VV=v1.1.0	NT=crosslinking;VV=v1.0.0	NT=human;VV=v1.1.0	HILIC
K-562 cell lysate DSSO crosslinked HILIC fractions	Homo sapiens	cell suspension culture	K-562 cell	chronic myelogenous leukemia	not available	not available	1	cell	not available	hydrophilic interaction chromatography	26.4 Å	not available	not available	K562_2mg_DSSO_HILIC_18_50pct_20171208134040	proteomic profiling by mass spectrometry	K562_2mg_DSSO_HILIC_18_50pct_20171208134040.raw	ftp://ftp.pride.ebi.ac.uk/pride/data/archive/2020/08/PXD018771/K562_2mg_DSSO_HILIC_18_50pct_20171208134040.raw	2	18_50pct	AC=MS:1002038;NT=label free sample	NT=Orbitrap Fusion Lumos;AC=MS:1002732	NT=Data-dependent acquisition;AC=PRIDE:0000449	NT=Trypsin;AC=MS:1001251	not available	not available	not available	not available	not available	hydrophilic interaction chromatography	chemical cross-linking coupled with mass spectrometry proteomics	NT=DSSO;AC=XLMOD:02010;CL=yes;TA=K,S,T,Y,nterm;MH=54.01;ML=85.98	hydrophilic interaction chromatography	v1.1.0	NT=ms-proteomics;VV=v1.1.0	NT=crosslinking;VV=v1.0.0	NT=human;VV=v1.1.0	HILIC
K-562 cell lysate DSSO crosslinked HILIC fractions	Homo sapiens	cell suspension culture	K-562 cell	chronic myelogenous leukemia	not available	not available	1	cell	not available	hydrophilic interaction chromatography	26.4 Å	not available	not available	K562_2mg_DSSO_HILIC_18p5_25pct	proteomic profiling by mass spectrometry	K562_2mg_DSSO_HILIC_18p5_25pct.raw	ftp://ftp.pride.ebi.ac.uk/pride/data/archive/2020/08/PXD018771/K562_2mg_DSSO_HILIC_18p5_25pct.raw	1	18p5_25pct	AC=MS:1002038;NT=label free sample	NT=Orbitrap Fusion Lumos;AC=MS:1002732	NT=Data-dependent acquisition;AC=PRIDE:0000449	NT=Trypsin;AC=MS:1001251	not available	not available	not available	not available	not available	hydrophilic interaction chromatography	chemical cross-linking coupled with mass spectrometry proteomics	NT=DSSO;AC=XLMOD:02010;CL=yes;TA=K,S,T,Y,nterm;MH=54.01;ML=85.98	hydrophilic interaction chromatography	v1.1.0	NT=ms-proteomics;VV=v1.1.0	NT=crosslinking;VV=v1.0.0	NT=human;VV=v1.1.0	HILIC
K-562 cell lysate DSSO crosslinked HILIC fractions	Homo sapiens	cell suspension culture	K-562 cell	chronic myelogenous leukemia	not available	not available	1	cell	not available	hydrophilic interaction chromatography	26.4 Å	not available	not available	K562_2mg_DSSO_HILIC_18p5_25pct_20171203071910	proteomic profiling by mass spectrometry	K562_2mg_DSSO_HILIC_18p5_25pct_20171203071910.raw	ftp://ftp.pride.ebi.ac.uk/pride/data/archive/2020/08/PXD018771/K562_2mg_DSSO_HILIC_18p5_25pct_20171203071910.raw	2	18p5_25pct	AC=MS:1002038;NT=label free sample	NT=Orbitrap Fusion Lumos;AC=MS:1002732	NT=Data-dependent acquisition;AC=PRIDE:0000449	NT=Trypsin;AC=MS:1001251	not available	not available	not available	not available	not available	hydrophilic interaction chromatography	chemical cross-linking coupled with mass spectrometry proteomics	NT=DSSO;AC=XLMOD:02010;CL=yes;TA=K,S,T,Y,nterm;MH=54.01;ML=85.98	hydrophilic interaction chromatography	v1.1.0	NT=ms-proteomics;VV=v1.1.0	NT=crosslinking;VV=v1.0.0	NT=human;VV=v1.1.0	HILIC
K-562 cell lysate DSSO crosslinked HILIC fractions	Homo sapiens	cell suspension culture	K-562 cell	chronic myelogenous leukemia	not available	not available	1	cell	not available	hydrophilic interaction chromatography	26.4 Å	not available	not available	K562_2mg_DSSO_HILIC_18p5_25pct_20171205094532	proteomic profiling by mass spectrometry	K562_2mg_DSSO_HILIC_18p5_25pct_20171205094532.raw	ftp://ftp.pride.ebi.ac.uk/pride/data/archive/2020/08/PXD018771/K562_2mg_DSSO_HILIC_18p5_25pct_20171205094532.raw	3	18p5_25pct	AC=MS:1002038;NT=label free sample	NT=Orbitrap Fusion Lumos;AC=MS:1002732	NT=Data-dependent acquisition;AC=PRIDE:0000449	NT=Trypsin;AC=MS:1001251	not available	not available	not available	not available	not available	hydrophilic interaction chromatography	chemical cross-linking coupled with mass spectrometry proteomics	NT=DSSO;AC=XLMOD:02010;CL=yes;TA=K,S,T,Y,nterm;MH=54.01;ML=85.98	hydrophilic interaction chromatography	v1.1.0	NT=ms-proteomics;VV=v1.1.0	NT=crosslinking;VV=v1.0.0	NT=human;VV=v1.1.0	HILIC
K-562 cell lysate DSSO crosslinked HILIC fractions	Homo sapiens	cell suspension culture	K-562 cell	chronic myelogenous leukemia	not available	not available	1	cell	not available	hydrophilic interaction chromatography	26.4 Å	not available	not available	K562_2mg_DSSO_HILIC_18p5_25pct_NoAPD	proteomic profiling by mass spectrometry	K562_2mg_DSSO_HILIC_18p5_25pct_NoAPD.raw	ftp://ftp.pride.ebi.ac.uk/pride/data/archive/2020/08/PXD018771/K562_2mg_DSSO_HILIC_18p5_25pct_NoAPD.raw	1	18p5_25pct_NoAPD	AC=MS:1002038;NT=label free sample	NT=Orbitrap Fusion Lumos;AC=MS:1002732	NT=Data-dependent acquisition;AC=PRIDE:0000449	NT=Trypsin;AC=MS:1001251	not available	not available	not available	not available	not available	hydrophilic interaction chromatography	chemical cross-linking coupled with mass spectrometry proteomics	NT=DSSO;AC=XLMOD:02010;CL=yes;TA=K,S,T,Y,nterm;MH=54.01;ML=85.98	hydrophilic interaction chromatography	v1.1.0	NT=ms-proteomics;VV=v1.1.0	NT=crosslinking;VV=v1.0.0	NT=human;VV=v1.1.0	HILIC
K-562 cell lysate DSSO crosslinked HILIC fractions	Homo sapiens	cell suspension culture	K-562 cell	chronic myelogenous leukemia	not available	not available	1	cell	not available	hydrophilic interaction chromatography	26.4 Å	not available	not available	K562_2mg_DSSO_HILIC_19_50pct	proteomic profiling by mass spectrometry	K562_2mg_DSSO_HILIC_19_50pct.raw	ftp://ftp.pride.ebi.ac.uk/pride/data/archive/2020/08/PXD018771/K562_2mg_DSSO_HILIC_19_50pct.raw	1	19_50pct	AC=MS:1002038;NT=label free sample	NT=Orbitrap Fusion Lumos;AC=MS:1002732	NT=Data-dependent acquisition;AC=PRIDE:0000449	NT=Trypsin;AC=MS:1001251	not available	not available	not available	not available	not available	hydrophilic interaction chromatography	chemical cross-linking coupled with mass spectrometry proteomics	NT=DSSO;AC=XLMOD:02010;CL=yes;TA=K,S,T,Y,nterm;MH=54.01;ML=85.98	hydrophilic interaction chromatography	v1.1.0	NT=ms-proteomics;VV=v1.1.0	NT=crosslinking;VV=v1.0.0	NT=human;VV=v1.1.0	HILIC
K-562 cell lysate DSSO crosslinked HILIC fractions	Homo sapiens	cell suspension culture	K-562 cell	chronic myelogenous leukemia	not available	not available	1	cell	not available	hydrophilic interaction chromatography	26.4 Å	not available	not available	K562_2mg_DSSO_HILIC_19_50pct_20171208222458	proteomic profiling by mass spectrometry	K562_2mg_DSSO_HILIC_19_50pct_20171208222458.raw	ftp://ftp.pride.ebi.ac.uk/pride/data/archive/2020/08/PXD018771/K562_2mg_DSSO_HILIC_19_50pct_20171208222458.raw	2	19_50pct	AC=MS:1002038;NT=label free sample	NT=Orbitrap Fusion Lumos;AC=MS:1002732	NT=Data-dependent acquisition;AC=PRIDE:0000449	NT=Trypsin;AC=MS:1001251	not available	not available	not available	not available	not available	hydrophilic interaction chromatography	chemical cross-linking coupled with mass spectrometry proteomics	NT=DSSO;AC=XLMOD:02010;CL=yes;TA=K,S,T,Y,nterm;MH=54.01;ML=85.98	hydrophilic interaction chromatography	v1.1.0	NT=ms-proteomics;VV=v1.1.0	NT=crosslinking;VV=v1.0.0	NT=human;VV=v1.1.0	HILIC
K-562 cell lysate DSSO crosslinked HILIC fractions	Homo sapiens	cell suspension culture	K-562 cell	chronic myelogenous leukemia	not available	not available	1	cell	not available	hydrophilic interaction chromatography	26.4 Å	not available	not available	K562_2mg_DSSO_HILIC_205_60pct	proteomic profiling by mass spectrometry	K562_2mg_DSSO_HILIC_205_60pct.raw	ftp://ftp.pride.ebi.ac.uk/pride/data/archive/2020/08/PXD018771/K562_2mg_DSSO_HILIC_205_60pct.raw	1	205_60pct	AC=MS:1002038;NT=label free sample	NT=Orbitrap Fusion Lumos;AC=MS:1002732	NT=Data-dependent acquisition;AC=PRIDE:0000449	NT=Trypsin;AC=MS:1001251	not available	not available	not available	not available	not available	hydrophilic interaction chromatography	chemical cross-linking coupled with mass spectrometry proteomics	NT=DSSO;AC=XLMOD:02010;CL=yes;TA=K,S,T,Y,nterm;MH=54.01;ML=85.98	hydrophilic interaction chromatography	v1.1.0	NT=ms-proteomics;VV=v1.1.0	NT=crosslinking;VV=v1.0.0	NT=human;VV=v1.1.0	HILIC
K-562 cell lysate DSSO crosslinked HILIC fractions	Homo sapiens	cell suspension culture	K-562 cell	chronic myelogenous leukemia	not available	not available	1	cell	not available	hydrophilic interaction chromatography	26.4 Å	not available	not available	K562_2mg_DSSO_HILIC_20_60pct	proteomic profiling by mass spectrometry	K562_2mg_DSSO_HILIC_20_60pct.raw	ftp://ftp.pride.ebi.ac.uk/pride/data/archive/2020/08/PXD018771/K562_2mg_DSSO_HILIC_20_60pct.raw	1	20_60pct	AC=MS:1002038;NT=label free sample	NT=Orbitrap Fusion Lumos;AC=MS:1002732	NT=Data-dependent acquisition;AC=PRIDE:0000449	NT=Trypsin;AC=MS:1001251	not available	not available	not available	not available	not available	hydrophilic interaction chromatography	chemical cross-linking coupled with mass spectrometry proteomics	NT=DSSO;AC=XLMOD:02010;CL=yes;TA=K,S,T,Y,nterm;MH=54.01;ML=85.98	hydrophilic interaction chromatography	v1.1.0	NT=ms-proteomics;VV=v1.1.0	NT=crosslinking;VV=v1.0.0	NT=human;VV=v1.1.0	HILIC
K-562 cell lysate DSSO crosslinked HILIC fractions	Homo sapiens	cell suspension culture	K-562 cell	chronic myelogenous leukemia	not available	not available	1	cell	not available	hydrophilic interaction chromatography	26.4 Å	not available	not available	K562_2mg_DSSO_HILIC_215_70pct	proteomic profiling by mass spectrometry	K562_2mg_DSSO_HILIC_215_70pct.raw	ftp://ftp.pride.ebi.ac.uk/pride/data/archive/2020/08/PXD018771/K562_2mg_DSSO_HILIC_215_70pct.raw	1	215_70pct	AC=MS:1002038;NT=label free sample	NT=Orbitrap Fusion Lumos;AC=MS:1002732	NT=Data-dependent acquisition;AC=PRIDE:0000449	NT=Trypsin;AC=MS:1001251	not available	not available	not available	not available	not available	hydrophilic interaction chromatography	chemical cross-linking coupled with mass spectrometry proteomics	NT=DSSO;AC=XLMOD:02010;CL=yes;TA=K,S,T,Y,nterm;MH=54.01;ML=85.98	hydrophilic interaction chromatography	v1.1.0	NT=ms-proteomics;VV=v1.1.0	NT=crosslinking;VV=v1.0.0	NT=human;VV=v1.1.0	HILIC
K-562 cell lysate DSSO crosslinked HILIC fractions	Homo sapiens	cell suspension culture	K-562 cell	chronic myelogenous leukemia	not available	not available	1	cell	not available	hydrophilic interaction chromatography	26.4 Å	not available	not available	K562_2mg_DSSO_HILIC_21_70pct	proteomic profiling by mass spectrometry	K562_2mg_DSSO_HILIC_21_70pct.raw	ftp://ftp.pride.ebi.ac.uk/pride/data/archive/2020/08/PXD018771/K562_2mg_DSSO_HILIC_21_70pct.raw	1	21_70pct	AC=MS:1002038;NT=label free sample	NT=Orbitrap Fusion Lumos;AC=MS:1002732	NT=Data-dependent acquisition;AC=PRIDE:0000449	NT=Trypsin;AC=MS:1001251	not available	not available	not available	not available	not available	hydrophilic interaction chromatography	chemical cross-linking coupled with mass spectrometry proteomics	NT=DSSO;AC=XLMOD:02010;CL=yes;TA=K,S,T,Y,nterm;MH=54.01;ML=85.98	hydrophilic interaction chromatography	v1.1.0	NT=ms-proteomics;VV=v1.1.0	NT=crosslinking;VV=v1.0.0	NT=human;VV=v1.1.0	HILIC
K-562 cell lysate DSSO crosslinked HILIC fractions	Homo sapiens	cell suspension culture	K-562 cell	chronic myelogenous leukemia	not available	not available	1	cell	not available	hydrophilic interaction chromatography	26.4 Å	not available	not available	K562_2mg_DSSO_HILIC_225_80pct	proteomic profiling by mass spectrometry	K562_2mg_DSSO_HILIC_225_80pct.raw	ftp://ftp.pride.ebi.ac.uk/pride/data/archive/2020/08/PXD018771/K562_2mg_DSSO_HILIC_225_80pct.raw	1	225_80pct	AC=MS:1002038;NT=label free sample	NT=Orbitrap Fusion Lumos;AC=MS:1002732	NT=Data-dependent acquisition;AC=PRIDE:0000449	NT=Trypsin;AC=MS:1001251	not available	not available	not available	not available	not available	hydrophilic interaction chromatography	chemical cross-linking coupled with mass spectrometry proteomics	NT=DSSO;AC=XLMOD:02010;CL=yes;TA=K,S,T,Y,nterm;MH=54.01;ML=85.98	hydrophilic interaction chromatography	v1.1.0	NT=ms-proteomics;VV=v1.1.0	NT=crosslinking;VV=v1.0.0	NT=human;VV=v1.1.0	HILIC
K-562 cell lysate DSSO crosslinked HILIC fractions	Homo sapiens	cell suspension culture	K-562 cell	chronic myelogenous leukemia	not available	not available	1	cell	not available	hydrophilic interaction chromatography	26.4 Å	not available	not available	K562_2mg_DSSO_HILIC_22_80pct	proteomic profiling by mass spectrometry	K562_2mg_DSSO_HILIC_22_80pct.raw	ftp://ftp.pride.ebi.ac.uk/pride/data/archive/2020/08/PXD018771/K562_2mg_DSSO_HILIC_22_80pct.raw	1	22_80pct	AC=MS:1002038;NT=label free sample	NT=Orbitrap Fusion Lumos;AC=MS:1002732	NT=Data-dependent acquisition;AC=PRIDE:0000449	NT=Trypsin;AC=MS:1001251	not available	not available	not available	not available	not available	hydrophilic interaction chromatography	chemical cross-linking coupled with mass spectrometry proteomics	NT=DSSO;AC=XLMOD:02010;CL=yes;TA=K,S,T,Y,nterm;MH=54.01;ML=85.98	hydrophilic interaction chromatography	v1.1.0	NT=ms-proteomics;VV=v1.1.0	NT=crosslinking;VV=v1.0.0	NT=human;VV=v1.1.0	HILIC
K-562 cell lysate DSSO crosslinked HILIC fractions	Homo sapiens	cell suspension culture	K-562 cell	chronic myelogenous leukemia	not available	not available	1	cell	not available	hydrophilic interaction chromatography	26.4 Å	not available	not available	K562_2mg_DSSO_HILIC_235_100pct	proteomic profiling by mass spectrometry	K562_2mg_DSSO_HILIC_235_100pct.raw	ftp://ftp.pride.ebi.ac.uk/pride/data/archive/2020/08/PXD018771/K562_2mg_DSSO_HILIC_235_100pct.raw	1	235_100pct	AC=MS:1002038;NT=label free sample	NT=Orbitrap Fusion Lumos;AC=MS:1002732	NT=Data-dependent acquisition;AC=PRIDE:0000449	NT=Trypsin;AC=MS:1001251	not available	not available	not available	not available	not available	hydrophilic interaction chromatography	chemical cross-linking coupled with mass spectrometry proteomics	NT=DSSO;AC=XLMOD:02010;CL=yes;TA=K,S,T,Y,nterm;MH=54.01;ML=85.98	hydrophilic interaction chromatography	v1.1.0	NT=ms-proteomics;VV=v1.1.0	NT=crosslinking;VV=v1.0.0	NT=human;VV=v1.1.0	HILIC
K-562 cell lysate DSSO crosslinked HILIC fractions	Homo sapiens	cell suspension culture	K-562 cell	chronic myelogenous leukemia	not available	not available	1	cell	not available	hydrophilic interaction chromatography	26.4 Å	not available	not available	K562_2mg_DSSO_HILIC_23_100pct	proteomic profiling by mass spectrometry	K562_2mg_DSSO_HILIC_23_100pct.raw	ftp://ftp.pride.ebi.ac.uk/pride/data/archive/2020/08/PXD018771/K562_2mg_DSSO_HILIC_23_100pct.raw	1	23_100pct	AC=MS:1002038;NT=label free sample	NT=Orbitrap Fusion Lumos;AC=MS:1002732	NT=Data-dependent acquisition;AC=PRIDE:0000449	NT=Trypsin;AC=MS:1001251	not available	not available	not available	not available	not available	hydrophilic interaction chromatography	chemical cross-linking coupled with mass spectrometry proteomics	NT=DSSO;AC=XLMOD:02010;CL=yes;TA=K,S,T,Y,nterm;MH=54.01;ML=85.98	hydrophilic interaction chromatography	v1.1.0	NT=ms-proteomics;VV=v1.1.0	NT=crosslinking;VV=v1.0.0	NT=human;VV=v1.1.0	HILIC
K-562 cell lysate DSSO crosslinked HILIC fractions	Homo sapiens	cell suspension culture	K-562 cell	chronic myelogenous leukemia	not available	not available	1	cell	not available	hydrophilic interaction chromatography	26.4 Å	not available	not available	K562_2mg_DSSO_HILIC_245_100pct	proteomic profiling by mass spectrometry	K562_2mg_DSSO_HILIC_245_100pct.raw	ftp://ftp.pride.ebi.ac.uk/pride/data/archive/2020/08/PXD018771/K562_2mg_DSSO_HILIC_245_100pct.raw	1	245_100pct	AC=MS:1002038;NT=label free sample	NT=Orbitrap Fusion Lumos;AC=MS:1002732	NT=Data-dependent acquisition;AC=PRIDE:0000449	NT=Trypsin;AC=MS:1001251	not available	not available	not available	not available	not available	hydrophilic interaction chromatography	chemical cross-linking coupled with mass spectrometry proteomics	NT=DSSO;AC=XLMOD:02010;CL=yes;TA=K,S,T,Y,nterm;MH=54.01;ML=85.98	hydrophilic interaction chromatography	v1.1.0	NT=ms-proteomics;VV=v1.1.0	NT=crosslinking;VV=v1.0.0	NT=human;VV=v1.1.0	HILIC
K-562 cell lysate DSSO crosslinked HILIC fractions	Homo sapiens	cell suspension culture	K-562 cell	chronic myelogenous leukemia	not available	not available	1	cell	not available	hydrophilic interaction chromatography	26.4 Å	not available	not available	K562_2mg_DSSO_HILIC_24_100pct	proteomic profiling by mass spectrometry	K562_2mg_DSSO_HILIC_24_100pct.raw	ftp://ftp.pride.ebi.ac.uk/pride/data/archive/2020/08/PXD018771/K562_2mg_DSSO_HILIC_24_100pct.raw	1	24_100pct	AC=MS:1002038;NT=label free sample	NT=Orbitrap Fusion Lumos;AC=MS:1002732	NT=Data-dependent acquisition;AC=PRIDE:0000449	NT=Trypsin;AC=MS:1001251	not available	not available	not available	not available	not available	hydrophilic interaction chromatography	chemical cross-linking coupled with mass spectrometry proteomics	NT=DSSO;AC=XLMOD:02010;CL=yes;TA=K,S,T,Y,nterm;MH=54.01;ML=85.98	hydrophilic interaction chromatography	v1.1.0	NT=ms-proteomics;VV=v1.1.0	NT=crosslinking;VV=v1.0.0	NT=human;VV=v1.1.0	HILIC
K-562 cell lysate DSSO crosslinked HILIC fractions	Homo sapiens	cell suspension culture	K-562 cell	chronic myelogenous leukemia	not available	not available	1	cell	not available	hydrophilic interaction chromatography	26.4 Å	not available	not available	K562_2mg_DSSO_HILIC_255_100pct	proteomic profiling by mass spectrometry	K562_2mg_DSSO_HILIC_255_100pct.raw	ftp://ftp.pride.ebi.ac.uk/pride/data/archive/2020/08/PXD018771/K562_2mg_DSSO_HILIC_255_100pct.raw	1	255_100pct	AC=MS:1002038;NT=label free sample	NT=Orbitrap Fusion Lumos;AC=MS:1002732	NT=Data-dependent acquisition;AC=PRIDE:0000449	NT=Trypsin;AC=MS:1001251	not available	not available	not available	not available	not available	hydrophilic interaction chromatography	chemical cross-linking coupled with mass spectrometry proteomics	NT=DSSO;AC=XLMOD:02010;CL=yes;TA=K,S,T,Y,nterm;MH=54.01;ML=85.98	hydrophilic interaction chromatography	v1.1.0	NT=ms-proteomics;VV=v1.1.0	NT=crosslinking;VV=v1.0.0	NT=human;VV=v1.1.0	HILIC
K-562 cell lysate DSSO crosslinked HILIC fractions	Homo sapiens	cell suspension culture	K-562 cell	chronic myelogenous leukemia	not available	not available	1	cell	not available	hydrophilic interaction chromatography	26.4 Å	not available	not available	K562_2mg_DSSO_HILIC_25_100pct	proteomic profiling by mass spectrometry	K562_2mg_DSSO_HILIC_25_100pct.raw	ftp://ftp.pride.ebi.ac.uk/pride/data/archive/2020/08/PXD018771/K562_2mg_DSSO_HILIC_25_100pct.raw	1	25_100pct	AC=MS:1002038;NT=label free sample	NT=Orbitrap Fusion Lumos;AC=MS:1002732	NT=Data-dependent acquisition;AC=PRIDE:0000449	NT=Trypsin;AC=MS:1001251	not available	not available	not available	not available	not available	hydrophilic interaction chromatography	chemical cross-linking coupled with mass spectrometry proteomics	NT=DSSO;AC=XLMOD:02010;CL=yes;TA=K,S,T,Y,nterm;MH=54.01;ML=85.98	hydrophilic interaction chromatography	v1.1.0	NT=ms-proteomics;VV=v1.1.0	NT=crosslinking;VV=v1.0.0	NT=human;VV=v1.1.0	HILIC
K-562 cell lysate DSSO crosslinked HILIC fractions	Homo sapiens	cell suspension culture	K-562 cell	chronic myelogenous leukemia	not available	not available	1	cell	not available	hydrophilic interaction chromatography	26.4 Å	not available	not available	K562_2mg_DSSO_HILIC_265_100pct	proteomic profiling by mass spectrometry	K562_2mg_DSSO_HILIC_265_100pct.raw	ftp://ftp.pride.ebi.ac.uk/pride/data/archive/2020/08/PXD018771/K562_2mg_DSSO_HILIC_265_100pct.raw	1	265_100pct	AC=MS:1002038;NT=label free sample	NT=Orbitrap Fusion Lumos;AC=MS:1002732	NT=Data-dependent acquisition;AC=PRIDE:0000449	NT=Trypsin;AC=MS:1001251	not available	not available	not available	not available	not available	hydrophilic interaction chromatography	chemical cross-linking coupled with mass spectrometry proteomics	NT=DSSO;AC=XLMOD:02010;CL=yes;TA=K,S,T,Y,nterm;MH=54.01;ML=85.98	hydrophilic interaction chromatography	v1.1.0	NT=ms-proteomics;VV=v1.1.0	NT=crosslinking;VV=v1.0.0	NT=human;VV=v1.1.0	HILIC
K-562 cell lysate DSSO crosslinked HILIC fractions	Homo sapiens	cell suspension culture	K-562 cell	chronic myelogenous leukemia	not available	not available	1	cell	not available	hydrophilic interaction chromatography	26.4 Å	not available	not available	K562_2mg_DSSO_HILIC_26_100pct	proteomic profiling by mass spectrometry	K562_2mg_DSSO_HILIC_26_100pct.raw	ftp://ftp.pride.ebi.ac.uk/pride/data/archive/2020/08/PXD018771/K562_2mg_DSSO_HILIC_26_100pct.raw	1	26_100pct	AC=MS:1002038;NT=label free sample	NT=Orbitrap Fusion Lumos;AC=MS:1002732	NT=Data-dependent acquisition;AC=PRIDE:0000449	NT=Trypsin;AC=MS:1001251	not available	not available	not available	not available	not available	hydrophilic interaction chromatography	chemical cross-linking coupled with mass spectrometry proteomics	NT=DSSO;AC=XLMOD:02010;CL=yes;TA=K,S,T,Y,nterm;MH=54.01;ML=85.98	hydrophilic interaction chromatography	v1.1.0	NT=ms-proteomics;VV=v1.1.0	NT=crosslinking;VV=v1.0.0	NT=human;VV=v1.1.0	HILIC
K-562 cell lysate DSSO crosslinked HILIC fractions	Homo sapiens	cell suspension culture	K-562 cell	chronic myelogenous leukemia	not available	not available	1	cell	not available	hydrophilic interaction chromatography	26.4 Å	not available	not available	K562_2mg_DSSO_HILIC_27_100pct	proteomic profiling by mass spectrometry	K562_2mg_DSSO_HILIC_27_100pct.raw	ftp://ftp.pride.ebi.ac.uk/pride/data/archive/2020/08/PXD018771/K562_2mg_DSSO_HILIC_27_100pct.raw	1	27_100pct	AC=MS:1002038;NT=label free sample	NT=Orbitrap Fusion Lumos;AC=MS:1002732	NT=Data-dependent acquisition;AC=PRIDE:0000449	NT=Trypsin;AC=MS:1001251	not available	not available	not available	not available	not available	hydrophilic interaction chromatography	chemical cross-linking coupled with mass spectrometry proteomics	NT=DSSO;AC=XLMOD:02010;CL=yes;TA=K,S,T,Y,nterm;MH=54.01;ML=85.98	hydrophilic interaction chromatography	v1.1.0	NT=ms-proteomics;VV=v1.1.0	NT=crosslinking;VV=v1.0.0	NT=human;VV=v1.1.0	HILIC
K-562 cell lysate DSSO crosslinked HILIC fractions	Homo sapiens	cell suspension culture	K-562 cell	chronic myelogenous leukemia	not available	not available	1	cell	not available	hydrophilic interaction chromatography	26.4 Å	not available	not available	K562_2mg_DSSO_HILIC_27p5_25pct	proteomic profiling by mass spectrometry	K562_2mg_DSSO_HILIC_27p5_25pct.raw	ftp://ftp.pride.ebi.ac.uk/pride/data/archive/2020/08/PXD018771/K562_2mg_DSSO_HILIC_27p5_25pct.raw	1	27p5_25pct	AC=MS:1002038;NT=label free sample	NT=Orbitrap Fusion Lumos;AC=MS:1002732	NT=Data-dependent acquisition;AC=PRIDE:0000449	NT=Trypsin;AC=MS:1001251	not available	not available	not available	not available	not available	hydrophilic interaction chromatography	chemical cross-linking coupled with mass spectrometry proteomics	NT=DSSO;AC=XLMOD:02010;CL=yes;TA=K,S,T,Y,nterm;MH=54.01;ML=85.98	hydrophilic interaction chromatography	v1.1.0	NT=ms-proteomics;VV=v1.1.0	NT=crosslinking;VV=v1.0.0	NT=human;VV=v1.1.0	HILIC
K-562 cell lysate DSSO crosslinked HILIC fractions	Homo sapiens	cell suspension culture	K-562 cell	chronic myelogenous leukemia	not available	not available	1	cell	not available	hydrophilic interaction chromatography	26.4 Å	not available	not available	K562_2mg_DSSO_HILIC_27p5_35pct	proteomic profiling by mass spectrometry	K562_2mg_DSSO_HILIC_27p5_35pct.raw	ftp://ftp.pride.ebi.ac.uk/pride/data/archive/2020/08/PXD018771/K562_2mg_DSSO_HILIC_27p5_35pct.raw	1	27p5_35pct	AC=MS:1002038;NT=label free sample	NT=Orbitrap Fusion Lumos;AC=MS:1002732	NT=Data-dependent acquisition;AC=PRIDE:0000449	NT=Trypsin;AC=MS:1001251	not available	not available	not available	not available	not available	hydrophilic interaction chromatography	chemical cross-linking coupled with mass spectrometry proteomics	NT=DSSO;AC=XLMOD:02010;CL=yes;TA=K,S,T,Y,nterm;MH=54.01;ML=85.98	hydrophilic interaction chromatography	v1.1.0	NT=ms-proteomics;VV=v1.1.0	NT=crosslinking;VV=v1.0.0	NT=human;VV=v1.1.0	HILIC
K-562 cell lysate DSSO crosslinked HILIC fractions	Homo sapiens	cell suspension culture	K-562 cell	chronic myelogenous leukemia	not available	not available	1	cell	not available	hydrophilic interaction chromatography	26.4 Å	not available	not available	K562_2mg_DSSO_HILIC_27p5_NoAPD_35pct	proteomic profiling by mass spectrometry	K562_2mg_DSSO_HILIC_27p5_NoAPD_35pct.raw	ftp://ftp.pride.ebi.ac.uk/pride/data/archive/2020/08/PXD018771/K562_2mg_DSSO_HILIC_27p5_NoAPD_35pct.raw	1	27p5_NoAPD_35pct	AC=MS:1002038;NT=label free sample	NT=Orbitrap Fusion Lumos;AC=MS:1002732	NT=Data-dependent acquisition;AC=PRIDE:0000449	NT=Trypsin;AC=MS:1001251	not available	not available	not available	not available	not available	hydrophilic interaction chromatography	chemical cross-linking coupled with mass spectrometry proteomics	NT=DSSO;AC=XLMOD:02010;CL=yes;TA=K,S,T,Y,nterm;MH=54.01;ML=85.98	hydrophilic interaction chromatography	v1.1.0	NT=ms-proteomics;VV=v1.1.0	NT=crosslinking;VV=v1.0.0	NT=human;VV=v1.1.0	HILIC
K-562 cell lysate DSSO crosslinked HILIC fractions	Homo sapiens	cell suspension culture	K-562 cell	chronic myelogenous leukemia	not available	not available	1	cell	not available	hydrophilic interaction chromatography	26.4 Å	not available	not available	K562_2mg_DSSO_HILIC_285_100pct	proteomic profiling by mass spectrometry	K562_2mg_DSSO_HILIC_285_100pct.raw	ftp://ftp.pride.ebi.ac.uk/pride/data/archive/2020/08/PXD018771/K562_2mg_DSSO_HILIC_285_100pct.raw	1	285_100pct	AC=MS:1002038;NT=label free sample	NT=Orbitrap Fusion Lumos;AC=MS:1002732	NT=Data-dependent acquisition;AC=PRIDE:0000449	NT=Trypsin;AC=MS:1001251	not available	not available	not available	not available	not available	hydrophilic interaction chromatography	chemical cross-linking coupled with mass spectrometry proteomics	NT=DSSO;AC=XLMOD:02010;CL=yes;TA=K,S,T,Y,nterm;MH=54.01;ML=85.98	hydrophilic interaction chromatography	v1.1.0	NT=ms-proteomics;VV=v1.1.0	NT=crosslinking;VV=v1.0.0	NT=human;VV=v1.1.0	HILIC
K-562 cell lysate DSSO crosslinked HILIC fractions	Homo sapiens	cell suspension culture	K-562 cell	chronic myelogenous leukemia	not available	not available	1	cell	not available	hydrophilic interaction chromatography	26.4 Å	not available	not available	K562_2mg_DSSO_HILIC_28_100pct	proteomic profiling by mass spectrometry	K562_2mg_DSSO_HILIC_28_100pct.raw	ftp://ftp.pride.ebi.ac.uk/pride/data/archive/2020/08/PXD018771/K562_2mg_DSSO_HILIC_28_100pct.raw	1	28_100pct	AC=MS:1002038;NT=label free sample	NT=Orbitrap Fusion Lumos;AC=MS:1002732	NT=Data-dependent acquisition;AC=PRIDE:0000449	NT=Trypsin;AC=MS:1001251	not available	not available	not available	not available	not available	hydrophilic interaction chromatography	chemical cross-linking coupled with mass spectrometry proteomics	NT=DSSO;AC=XLMOD:02010;CL=yes;TA=K,S,T,Y,nterm;MH=54.01;ML=85.98	hydrophilic interaction chromatography	v1.1.0	NT=ms-proteomics;VV=v1.1.0	NT=crosslinking;VV=v1.0.0	NT=human;VV=v1.1.0	HILIC
K-562 cell lysate DSSO crosslinked HILIC fractions	Homo sapiens	cell suspension culture	K-562 cell	chronic myelogenous leukemia	not available	not available	1	cell	not available	hydrophilic interaction chromatography	26.4 Å	not available	not available	K562_2mg_DSSO_HILIC_295_100pct	proteomic profiling by mass spectrometry	K562_2mg_DSSO_HILIC_295_100pct.raw	ftp://ftp.pride.ebi.ac.uk/pride/data/archive/2020/08/PXD018771/K562_2mg_DSSO_HILIC_295_100pct.raw	1	295_100pct	AC=MS:1002038;NT=label free sample	NT=Orbitrap Fusion Lumos;AC=MS:1002732	NT=Data-dependent acquisition;AC=PRIDE:0000449	NT=Trypsin;AC=MS:1001251	not available	not available	not available	not available	not available	hydrophilic interaction chromatography	chemical cross-linking coupled with mass spectrometry proteomics	NT=DSSO;AC=XLMOD:02010;CL=yes;TA=K,S,T,Y,nterm;MH=54.01;ML=85.98	hydrophilic interaction chromatography	v1.1.0	NT=ms-proteomics;VV=v1.1.0	NT=crosslinking;VV=v1.0.0	NT=human;VV=v1.1.0	HILIC
K-562 cell lysate DSSO crosslinked HILIC fractions	Homo sapiens	cell suspension culture	K-562 cell	chronic myelogenous leukemia	not available	not available	1	cell	not available	hydrophilic interaction chromatography	26.4 Å	not available	not available	K562_2mg_DSSO_HILIC_29_100pct	proteomic profiling by mass spectrometry	K562_2mg_DSSO_HILIC_29_100pct.raw	ftp://ftp.pride.ebi.ac.uk/pride/data/archive/2020/08/PXD018771/K562_2mg_DSSO_HILIC_29_100pct.raw	1	29_100pct	AC=MS:1002038;NT=label free sample	NT=Orbitrap Fusion Lumos;AC=MS:1002732	NT=Data-dependent acquisition;AC=PRIDE:0000449	NT=Trypsin;AC=MS:1001251	not available	not available	not available	not available	not available	hydrophilic interaction chromatography	chemical cross-linking coupled with mass spectrometry proteomics	NT=DSSO;AC=XLMOD:02010;CL=yes;TA=K,S,T,Y,nterm;MH=54.01;ML=85.98	hydrophilic interaction chromatography	v1.1.0	NT=ms-proteomics;VV=v1.1.0	NT=crosslinking;VV=v1.0.0	NT=human;VV=v1.1.0	HILIC
K-562 cell lysate DSSO crosslinked HILIC fractions	Homo sapiens	cell suspension culture	K-562 cell	chronic myelogenous leukemia	not available	not available	1	cell	not available	hydrophilic interaction chromatography	26.4 Å	not available	not available	K562_2mg_DSSO_HILIC_30_100pct	proteomic profiling by mass spectrometry	K562_2mg_DSSO_HILIC_30_100pct.raw	ftp://ftp.pride.ebi.ac.uk/pride/data/archive/2020/08/PXD018771/K562_2mg_DSSO_HILIC_30_100pct.raw	1	30_100pct	AC=MS:1002038;NT=label free sample	NT=Orbitrap Fusion Lumos;AC=MS:1002732	NT=Data-dependent acquisition;AC=PRIDE:0000449	NT=Trypsin;AC=MS:1001251	not available	not available	not available	not available	not available	hydrophilic interaction chromatography	chemical cross-linking coupled with mass spectrometry proteomics	NT=DSSO;AC=XLMOD:02010;CL=yes;TA=K,S,T,Y,nterm;MH=54.01;ML=85.98	hydrophilic interaction chromatography	v1.1.0	NT=ms-proteomics;VV=v1.1.0	NT=crosslinking;VV=v1.0.0	NT=human;VV=v1.1.0	HILIC
K-562 cell lysate DSSO crosslinked HILIC fractions	Homo sapiens	cell suspension culture	K-562 cell	chronic myelogenous leukemia	not available	not available	1	cell	not available	hydrophilic interaction chromatography	26.4 Å	not available	not available	K562_2mg_DSSO_HILIC_30p5_25pct	proteomic profiling by mass spectrometry	K562_2mg_DSSO_HILIC_30p5_25pct.raw	ftp://ftp.pride.ebi.ac.uk/pride/data/archive/2020/08/PXD018771/K562_2mg_DSSO_HILIC_30p5_25pct.raw	1	30p5_25pct	AC=MS:1002038;NT=label free sample	NT=Orbitrap Fusion Lumos;AC=MS:1002732	NT=Data-dependent acquisition;AC=PRIDE:0000449	NT=Trypsin;AC=MS:1001251	not available	not available	not available	not available	not available	hydrophilic interaction chromatography	chemical cross-linking coupled with mass spectrometry proteomics	NT=DSSO;AC=XLMOD:02010;CL=yes;TA=K,S,T,Y,nterm;MH=54.01;ML=85.98	hydrophilic interaction chromatography	v1.1.0	NT=ms-proteomics;VV=v1.1.0	NT=crosslinking;VV=v1.0.0	NT=human;VV=v1.1.0	HILIC
K-562 cell lysate DSSO crosslinked HILIC fractions	Homo sapiens	cell suspension culture	K-562 cell	chronic myelogenous leukemia	not available	not available	1	cell	not available	hydrophilic interaction chromatography	26.4 Å	not available	not available	K562_2mg_DSSO_HILIC_30p5_50pct	proteomic profiling by mass spectrometry	K562_2mg_DSSO_HILIC_30p5_50pct.raw	ftp://ftp.pride.ebi.ac.uk/pride/data/archive/2020/08/PXD018771/K562_2mg_DSSO_HILIC_30p5_50pct.raw	1	30p5_50pct	AC=MS:1002038;NT=label free sample	NT=Orbitrap Fusion Lumos;AC=MS:1002732	NT=Data-dependent acquisition;AC=PRIDE:0000449	NT=Trypsin;AC=MS:1001251	not available	not available	not available	not available	not available	hydrophilic interaction chromatography	chemical cross-linking coupled with mass spectrometry proteomics	NT=DSSO;AC=XLMOD:02010;CL=yes;TA=K,S,T,Y,nterm;MH=54.01;ML=85.98	hydrophilic interaction chromatography	v1.1.0	NT=ms-proteomics;VV=v1.1.0	NT=crosslinking;VV=v1.0.0	NT=human;VV=v1.1.0	HILIC
K-562 cell lysate DSSO crosslinked HILIC fractions	Homo sapiens	cell suspension culture	K-562 cell	chronic myelogenous leukemia	not available	not available	1	cell	not available	hydrophilic interaction chromatography	26.4 Å	not available	not available	K562_2mg_DSSO_HILIC_315_100pct	proteomic profiling by mass spectrometry	K562_2mg_DSSO_HILIC_315_100pct.raw	ftp://ftp.pride.ebi.ac.uk/pride/data/archive/2020/08/PXD018771/K562_2mg_DSSO_HILIC_315_100pct.raw	1	315_100pct	AC=MS:1002038;NT=label free sample	NT=Orbitrap Fusion Lumos;AC=MS:1002732	NT=Data-dependent acquisition;AC=PRIDE:0000449	NT=Trypsin;AC=MS:1001251	not available	not available	not available	not available	not available	hydrophilic interaction chromatography	chemical cross-linking coupled with mass spectrometry proteomics	NT=DSSO;AC=XLMOD:02010;CL=yes;TA=K,S,T,Y,nterm;MH=54.01;ML=85.98	hydrophilic interaction chromatography	v1.1.0	NT=ms-proteomics;VV=v1.1.0	NT=crosslinking;VV=v1.0.0	NT=human;VV=v1.1.0	HILIC
K-562 cell lysate DSSO crosslinked HILIC fractions	Homo sapiens	cell suspension culture	K-562 cell	chronic myelogenous leukemia	not available	not available	1	cell	not available	hydrophilic interaction chromatography	26.4 Å	not available	not available	K562_2mg_DSSO_HILIC_31_100pct	proteomic profiling by mass spectrometry	K562_2mg_DSSO_HILIC_31_100pct.raw	ftp://ftp.pride.ebi.ac.uk/pride/data/archive/2020/08/PXD018771/K562_2mg_DSSO_HILIC_31_100pct.raw	1	31_100pct	AC=MS:1002038;NT=label free sample	NT=Orbitrap Fusion Lumos;AC=MS:1002732	NT=Data-dependent acquisition;AC=PRIDE:0000449	NT=Trypsin;AC=MS:1001251	not available	not available	not available	not available	not available	hydrophilic interaction chromatography	chemical cross-linking coupled with mass spectrometry proteomics	NT=DSSO;AC=XLMOD:02010;CL=yes;TA=K,S,T,Y,nterm;MH=54.01;ML=85.98	hydrophilic interaction chromatography	v1.1.0	NT=ms-proteomics;VV=v1.1.0	NT=crosslinking;VV=v1.0.0	NT=human;VV=v1.1.0	HILIC
K-562 cell lysate DSSO crosslinked HILIC fractions	Homo sapiens	cell suspension culture	K-562 cell	chronic myelogenous leukemia	not available	not available	1	cell	not available	hydrophilic interaction chromatography	26.4 Å	not available	not available	K562_2mg_DSSO_HILIC_325_100pct	proteomic profiling by mass spectrometry	K562_2mg_DSSO_HILIC_325_100pct.raw	ftp://ftp.pride.ebi.ac.uk/pride/data/archive/2020/08/PXD018771/K562_2mg_DSSO_HILIC_325_100pct.raw	1	325_100pct	AC=MS:1002038;NT=label free sample	NT=Orbitrap Fusion Lumos;AC=MS:1002732	NT=Data-dependent acquisition;AC=PRIDE:0000449	NT=Trypsin;AC=MS:1001251	not available	not available	not available	not available	not available	hydrophilic interaction chromatography	chemical cross-linking coupled with mass spectrometry proteomics	NT=DSSO;AC=XLMOD:02010;CL=yes;TA=K,S,T,Y,nterm;MH=54.01;ML=85.98	hydrophilic interaction chromatography	v1.1.0	NT=ms-proteomics;VV=v1.1.0	NT=crosslinking;VV=v1.0.0	NT=human;VV=v1.1.0	HILIC
K-562 cell lysate DSSO crosslinked HILIC fractions	Homo sapiens	cell suspension culture	K-562 cell	chronic myelogenous leukemia	not available	not available	1	cell	not available	hydrophilic interaction chromatography	26.4 Å	not available	not available	K562_2mg_DSSO_HILIC_32_100pct	proteomic profiling by mass spectrometry	K562_2mg_DSSO_HILIC_32_100pct.raw	ftp://ftp.pride.ebi.ac.uk/pride/data/archive/2020/08/PXD018771/K562_2mg_DSSO_HILIC_32_100pct.raw	1	32_100pct	AC=MS:1002038;NT=label free sample	NT=Orbitrap Fusion Lumos;AC=MS:1002732	NT=Data-dependent acquisition;AC=PRIDE:0000449	NT=Trypsin;AC=MS:1001251	not available	not available	not available	not available	not available	hydrophilic interaction chromatography	chemical cross-linking coupled with mass spectrometry proteomics	NT=DSSO;AC=XLMOD:02010;CL=yes;TA=K,S,T,Y,nterm;MH=54.01;ML=85.98	hydrophilic interaction chromatography	v1.1.0	NT=ms-proteomics;VV=v1.1.0	NT=crosslinking;VV=v1.0.0	NT=human;VV=v1.1.0	HILIC
K-562 cell lysate DSSO crosslinked HILIC fractions	Homo sapiens	cell suspension culture	K-562 cell	chronic myelogenous leukemia	not available	not available	1	cell	not available	hydrophilic interaction chromatography	26.4 Å	not available	not available	K562_2mg_DSSO_HILIC_33_100pct	proteomic profiling by mass spectrometry	K562_2mg_DSSO_HILIC_33_100pct.raw	ftp://ftp.pride.ebi.ac.uk/pride/data/archive/2020/08/PXD018771/K562_2mg_DSSO_HILIC_33_100pct.raw	1	33_100pct	AC=MS:1002038;NT=label free sample	NT=Orbitrap Fusion Lumos;AC=MS:1002732	NT=Data-dependent acquisition;AC=PRIDE:0000449	NT=Trypsin;AC=MS:1001251	not available	not available	not available	not available	not available	hydrophilic interaction chromatography	chemical cross-linking coupled with mass spectrometry proteomics	NT=DSSO;AC=XLMOD:02010;CL=yes;TA=K,S,T,Y,nterm;MH=54.01;ML=85.98	hydrophilic interaction chromatography	v1.1.0	NT=ms-proteomics;VV=v1.1.0	NT=crosslinking;VV=v1.0.0	NT=human;VV=v1.1.0	HILIC
K-562 cell lysate DSSO crosslinked HILIC fractions	Homo sapiens	cell suspension culture	K-562 cell	chronic myelogenous leukemia	not available	not available	1	cell	not available	hydrophilic interaction chromatography	26.4 Å	not available	not available	K562_2mg_DSSO_HILIC_33p5_25pct	proteomic profiling by mass spectrometry	K562_2mg_DSSO_HILIC_33p5_25pct.raw	ftp://ftp.pride.ebi.ac.uk/pride/data/archive/2020/08/PXD018771/K562_2mg_DSSO_HILIC_33p5_25pct.raw	1	33p5_25pct	AC=MS:1002038;NT=label free sample	NT=Orbitrap Fusion Lumos;AC=MS:1002732	NT=Data-dependent acquisition;AC=PRIDE:0000449	NT=Trypsin;AC=MS:1001251	not available	not available	not available	not available	not available	hydrophilic interaction chromatography	chemical cross-linking coupled with mass spectrometry proteomics	NT=DSSO;AC=XLMOD:02010;CL=yes;TA=K,S,T,Y,nterm;MH=54.01;ML=85.98	hydrophilic interaction chromatography	v1.1.0	NT=ms-proteomics;VV=v1.1.0	NT=crosslinking;VV=v1.0.0	NT=human;VV=v1.1.0	HILIC
K-562 cell lysate DSSO crosslinked HILIC fractions	Homo sapiens	cell suspension culture	K-562 cell	chronic myelogenous leukemia	not available	not available	1	cell	not available	hydrophilic interaction chromatography	26.4 Å	not available	not available	K562_2mg_DSSO_HILIC_33p5_50pct	proteomic profiling by mass spectrometry	K562_2mg_DSSO_HILIC_33p5_50pct.raw	ftp://ftp.pride.ebi.ac.uk/pride/data/archive/2020/08/PXD018771/K562_2mg_DSSO_HILIC_33p5_50pct.raw	1	33p5_50pct	AC=MS:1002038;NT=label free sample	NT=Orbitrap Fusion Lumos;AC=MS:1002732	NT=Data-dependent acquisition;AC=PRIDE:0000449	NT=Trypsin;AC=MS:1001251	not available	not available	not available	not available	not available	hydrophilic interaction chromatography	chemical cross-linking coupled with mass spectrometry proteomics	NT=DSSO;AC=XLMOD:02010;CL=yes;TA=K,S,T,Y,nterm;MH=54.01;ML=85.98	hydrophilic interaction chromatography	v1.1.0	NT=ms-proteomics;VV=v1.1.0	NT=crosslinking;VV=v1.0.0	NT=human;VV=v1.1.0	HILIC
K-562 cell lysate DSSO crosslinked HILIC fractions	Homo sapiens	cell suspension culture	K-562 cell	chronic myelogenous leukemia	not available	not available	1	cell	not available	hydrophilic interaction chromatography	26.4 Å	not available	not available	K562_2mg_DSSO_HILIC_345_100pct	proteomic profiling by mass spectrometry	K562_2mg_DSSO_HILIC_345_100pct.raw	ftp://ftp.pride.ebi.ac.uk/pride/data/archive/2020/08/PXD018771/K562_2mg_DSSO_HILIC_345_100pct.raw	1	345_100pct	AC=MS:1002038;NT=label free sample	NT=Orbitrap Fusion Lumos;AC=MS:1002732	NT=Data-dependent acquisition;AC=PRIDE:0000449	NT=Trypsin;AC=MS:1001251	not available	not available	not available	not available	not available	hydrophilic interaction chromatography	chemical cross-linking coupled with mass spectrometry proteomics	NT=DSSO;AC=XLMOD:02010;CL=yes;TA=K,S,T,Y,nterm;MH=54.01;ML=85.98	hydrophilic interaction chromatography	v1.1.0	NT=ms-proteomics;VV=v1.1.0	NT=crosslinking;VV=v1.0.0	NT=human;VV=v1.1.0	HILIC
K-562 cell lysate DSSO crosslinked HILIC fractions	Homo sapiens	cell suspension culture	K-562 cell	chronic myelogenous leukemia	not available	not available	1	cell	not available	hydrophilic interaction chromatography	26.4 Å	not available	not available	K562_2mg_DSSO_HILIC_34_100pct	proteomic profiling by mass spectrometry	K562_2mg_DSSO_HILIC_34_100pct.raw	ftp://ftp.pride.ebi.ac.uk/pride/data/archive/2020/08/PXD018771/K562_2mg_DSSO_HILIC_34_100pct.raw	1	34_100pct	AC=MS:1002038;NT=label free sample	NT=Orbitrap Fusion Lumos;AC=MS:1002732	NT=Data-dependent acquisition;AC=PRIDE:0000449	NT=Trypsin;AC=MS:1001251	not available	not available	not available	not available	not available	hydrophilic interaction chromatography	chemical cross-linking coupled with mass spectrometry proteomics	NT=DSSO;AC=XLMOD:02010;CL=yes;TA=K,S,T,Y,nterm;MH=54.01;ML=85.98	hydrophilic interaction chromatography	v1.1.0	NT=ms-proteomics;VV=v1.1.0	NT=crosslinking;VV=v1.0.0	NT=human;VV=v1.1.0	HILIC
K-562 cell lysate DSSO crosslinked HILIC fractions	Homo sapiens	cell suspension culture	K-562 cell	chronic myelogenous leukemia	not available	not available	1	cell	not available	hydrophilic interaction chromatography	26.4 Å	not available	not available	K562_2mg_DSSO_HILIC_35_50pct	proteomic profiling by mass spectrometry	K562_2mg_DSSO_HILIC_35_50pct.raw	ftp://ftp.pride.ebi.ac.uk/pride/data/archive/2020/08/PXD018771/K562_2mg_DSSO_HILIC_35_50pct.raw	1	35_50pct	AC=MS:1002038;NT=label free sample	NT=Orbitrap Fusion Lumos;AC=MS:1002732	NT=Data-dependent acquisition;AC=PRIDE:0000449	NT=Trypsin;AC=MS:1001251	not available	not available	not available	not available	not available	hydrophilic interaction chromatography	chemical cross-linking coupled with mass spectrometry proteomics	NT=DSSO;AC=XLMOD:02010;CL=yes;TA=K,S,T,Y,nterm;MH=54.01;ML=85.98	hydrophilic interaction chromatography	v1.1.0	NT=ms-proteomics;VV=v1.1.0	NT=crosslinking;VV=v1.0.0	NT=human;VV=v1.1.0	HILIC
K-562 cell lysate DSSO crosslinked HILIC fractions	Homo sapiens	cell suspension culture	K-562 cell	chronic myelogenous leukemia	not available	not available	1	cell	not available	hydrophilic interaction chromatography	26.4 Å	not available	not available	K562_2mg_DSSO_HILIC_35p5_15pct	proteomic profiling by mass spectrometry	K562_2mg_DSSO_HILIC_35p5_15pct.raw	ftp://ftp.pride.ebi.ac.uk/pride/data/archive/2020/08/PXD018771/K562_2mg_DSSO_HILIC_35p5_15pct.raw	1	35p5_15pct	AC=MS:1002038;NT=label free sample	NT=Orbitrap Fusion Lumos;AC=MS:1002732	NT=Data-dependent acquisition;AC=PRIDE:0000449	NT=Trypsin;AC=MS:1001251	not available	not available	not available	not available	not available	hydrophilic interaction chromatography	chemical cross-linking coupled with mass spectrometry proteomics	NT=DSSO;AC=XLMOD:02010;CL=yes;TA=K,S,T,Y,nterm;MH=54.01;ML=85.98	hydrophilic interaction chromatography	v1.1.0	NT=ms-proteomics;VV=v1.1.0	NT=crosslinking;VV=v1.0.0	NT=human;VV=v1.1.0	HILIC
K-562 cell lysate DSSO crosslinked HILIC fractions	Homo sapiens	cell suspension culture	K-562 cell	chronic myelogenous leukemia	not available	not available	1	cell	not available	hydrophilic interaction chromatography	26.4 Å	not available	not available	K562_2mg_DSSO_HILIC_35p5_30pct	proteomic profiling by mass spectrometry	K562_2mg_DSSO_HILIC_35p5_30pct.raw	ftp://ftp.pride.ebi.ac.uk/pride/data/archive/2020/08/PXD018771/K562_2mg_DSSO_HILIC_35p5_30pct.raw	1	35p5_30pct	AC=MS:1002038;NT=label free sample	NT=Orbitrap Fusion Lumos;AC=MS:1002732	NT=Data-dependent acquisition;AC=PRIDE:0000449	NT=Trypsin;AC=MS:1001251	not available	not available	not available	not available	not available	hydrophilic interaction chromatography	chemical cross-linking coupled with mass spectrometry proteomics	NT=DSSO;AC=XLMOD:02010;CL=yes;TA=K,S,T,Y,nterm;MH=54.01;ML=85.98	hydrophilic interaction chromatography	v1.1.0	NT=ms-proteomics;VV=v1.1.0	NT=crosslinking;VV=v1.0.0	NT=human;VV=v1.1.0	HILIC
K-562 cell lysate DSSO crosslinked HILIC fractions	Homo sapiens	cell suspension culture	K-562 cell	chronic myelogenous leukemia	not available	not available	1	cell	not available	hydrophilic interaction chromatography	26.4 Å	not available	not available	K562_2mg_DSSO_HILIC_365_100pct	proteomic profiling by mass spectrometry	K562_2mg_DSSO_HILIC_365_100pct.raw	ftp://ftp.pride.ebi.ac.uk/pride/data/archive/2020/08/PXD018771/K562_2mg_DSSO_HILIC_365_100pct.raw	1	365_100pct	AC=MS:1002038;NT=label free sample	NT=Orbitrap Fusion Lumos;AC=MS:1002732	NT=Data-dependent acquisition;AC=PRIDE:0000449	NT=Trypsin;AC=MS:1001251	not available	not available	not available	not available	not available	hydrophilic interaction chromatography	chemical cross-linking coupled with mass spectrometry proteomics	NT=DSSO;AC=XLMOD:02010;CL=yes;TA=K,S,T,Y,nterm;MH=54.01;ML=85.98	hydrophilic interaction chromatography	v1.1.0	NT=ms-proteomics;VV=v1.1.0	NT=crosslinking;VV=v1.0.0	NT=human;VV=v1.1.0	HILIC
K-562 cell lysate DSSO crosslinked HILIC fractions	Homo sapiens	cell suspension culture	K-562 cell	chronic myelogenous leukemia	not available	not available	1	cell	not available	hydrophilic interaction chromatography	26.4 Å	not available	not available	K562_2mg_DSSO_HILIC_36_50pct	proteomic profiling by mass spectrometry	K562_2mg_DSSO_HILIC_36_50pct.raw	ftp://ftp.pride.ebi.ac.uk/pride/data/archive/2020/08/PXD018771/K562_2mg_DSSO_HILIC_36_50pct.raw	1	36_50pct	AC=MS:1002038;NT=label free sample	NT=Orbitrap Fusion Lumos;AC=MS:1002732	NT=Data-dependent acquisition;AC=PRIDE:0000449	NT=Trypsin;AC=MS:1001251	not available	not available	not available	not available	not available	hydrophilic interaction chromatography	chemical cross-linking coupled with mass spectrometry proteomics	NT=DSSO;AC=XLMOD:02010;CL=yes;TA=K,S,T,Y,nterm;MH=54.01;ML=85.98	hydrophilic interaction chromatography	v1.1.0	NT=ms-proteomics;VV=v1.1.0	NT=crosslinking;VV=v1.0.0	NT=human;VV=v1.1.0	HILIC
K-562 cell lysate DSSO crosslinked HILIC fractions	Homo sapiens	cell suspension culture	K-562 cell	chronic myelogenous leukemia	not available	not available	1	cell	not available	hydrophilic interaction chromatography	26.4 Å	not available	not available	K562_2mg_DSSO_HILIC_37_100pct	proteomic profiling by mass spectrometry	K562_2mg_DSSO_HILIC_37_100pct.raw	ftp://ftp.pride.ebi.ac.uk/pride/data/archive/2020/08/PXD018771/K562_2mg_DSSO_HILIC_37_100pct.raw	1	37_100pct	AC=MS:1002038;NT=label free sample	NT=Orbitrap Fusion Lumos;AC=MS:1002732	NT=Data-dependent acquisition;AC=PRIDE:0000449	NT=Trypsin;AC=MS:1001251	not available	not available	not available	not available	not available	hydrophilic interaction chromatography	chemical cross-linking coupled with mass spectrometry proteomics	NT=DSSO;AC=XLMOD:02010;CL=yes;TA=K,S,T,Y,nterm;MH=54.01;ML=85.98	hydrophilic interaction chromatography	v1.1.0	NT=ms-proteomics;VV=v1.1.0	NT=crosslinking;VV=v1.0.0	NT=human;VV=v1.1.0	HILIC
K-562 cell lysate DSSO crosslinked HILIC fractions	Homo sapiens	cell suspension culture	K-562 cell	chronic myelogenous leukemia	not available	not available	1	cell	not available	hydrophilic interaction chromatography	26.4 Å	not available	not available	K562_2mg_DSSO_HILIC_37p5_25pct	proteomic profiling by mass spectrometry	K562_2mg_DSSO_HILIC_37p5_25pct.raw	ftp://ftp.pride.ebi.ac.uk/pride/data/archive/2020/08/PXD018771/K562_2mg_DSSO_HILIC_37p5_25pct.raw	1	37p5_25pct	AC=MS:1002038;NT=label free sample	NT=Orbitrap Fusion Lumos;AC=MS:1002732	NT=Data-dependent acquisition;AC=PRIDE:0000449	NT=Trypsin;AC=MS:1001251	not available	not available	not available	not available	not available	hydrophilic interaction chromatography	chemical cross-linking coupled with mass spectrometry proteomics	NT=DSSO;AC=XLMOD:02010;CL=yes;TA=K,S,T,Y,nterm;MH=54.01;ML=85.98	hydrophilic interaction chromatography	v1.1.0	NT=ms-proteomics;VV=v1.1.0	NT=crosslinking;VV=v1.0.0	NT=human;VV=v1.1.0	HILIC
K-562 cell lysate DSSO crosslinked HILIC fractions	Homo sapiens	cell suspension culture	K-562 cell	chronic myelogenous leukemia	not available	not available	1	cell	not available	hydrophilic interaction chromatography	26.4 Å	not available	not available	K562_2mg_DSSO_HILIC_37p5_50pct	proteomic profiling by mass spectrometry	K562_2mg_DSSO_HILIC_37p5_50pct.raw	ftp://ftp.pride.ebi.ac.uk/pride/data/archive/2020/08/PXD018771/K562_2mg_DSSO_HILIC_37p5_50pct.raw	1	37p5_50pct	AC=MS:1002038;NT=label free sample	NT=Orbitrap Fusion Lumos;AC=MS:1002732	NT=Data-dependent acquisition;AC=PRIDE:0000449	NT=Trypsin;AC=MS:1001251	not available	not available	not available	not available	not available	hydrophilic interaction chromatography	chemical cross-linking coupled with mass spectrometry proteomics	NT=DSSO;AC=XLMOD:02010;CL=yes;TA=K,S,T,Y,nterm;MH=54.01;ML=85.98	hydrophilic interaction chromatography	v1.1.0	NT=ms-proteomics;VV=v1.1.0	NT=crosslinking;VV=v1.0.0	NT=human;VV=v1.1.0	HILIC
K-562 cell lysate DSSO crosslinked HILIC fractions	Homo sapiens	cell suspension culture	K-562 cell	chronic myelogenous leukemia	not available	not available	1	cell	not available	hydrophilic interaction chromatography	26.4 Å	not available	not available	K562_2mg_DSSO_HILIC_385_100pct	proteomic profiling by mass spectrometry	K562_2mg_DSSO_HILIC_385_100pct.raw	ftp://ftp.pride.ebi.ac.uk/pride/data/archive/2020/08/PXD018771/K562_2mg_DSSO_HILIC_385_100pct.raw	1	385_100pct	AC=MS:1002038;NT=label free sample	NT=Orbitrap Fusion Lumos;AC=MS:1002732	NT=Data-dependent acquisition;AC=PRIDE:0000449	NT=Trypsin;AC=MS:1001251	not available	not available	not available	not available	not available	hydrophilic interaction chromatography	chemical cross-linking coupled with mass spectrometry proteomics	NT=DSSO;AC=XLMOD:02010;CL=yes;TA=K,S,T,Y,nterm;MH=54.01;ML=85.98	hydrophilic interaction chromatography	v1.1.0	NT=ms-proteomics;VV=v1.1.0	NT=crosslinking;VV=v1.0.0	NT=human;VV=v1.1.0	HILIC
K-562 cell lysate DSSO crosslinked HILIC fractions	Homo sapiens	cell suspension culture	K-562 cell	chronic myelogenous leukemia	not available	not available	1	cell	not available	hydrophilic interaction chromatography	26.4 Å	not available	not available	K562_2mg_DSSO_HILIC_38_100pct	proteomic profiling by mass spectrometry	K562_2mg_DSSO_HILIC_38_100pct.raw	ftp://ftp.pride.ebi.ac.uk/pride/data/archive/2020/08/PXD018771/K562_2mg_DSSO_HILIC_38_100pct.raw	1	38_100pct	AC=MS:1002038;NT=label free sample	NT=Orbitrap Fusion Lumos;AC=MS:1002732	NT=Data-dependent acquisition;AC=PRIDE:0000449	NT=Trypsin;AC=MS:1001251	not available	not available	not available	not available	not available	hydrophilic interaction chromatography	chemical cross-linking coupled with mass spectrometry proteomics	NT=DSSO;AC=XLMOD:02010;CL=yes;TA=K,S,T,Y,nterm;MH=54.01;ML=85.98	hydrophilic interaction chromatography	v1.1.0	NT=ms-proteomics;VV=v1.1.0	NT=crosslinking;VV=v1.0.0	NT=human;VV=v1.1.0	HILIC
K-562 cell lysate DSSO crosslinked HILIC fractions	Homo sapiens	cell suspension culture	K-562 cell	chronic myelogenous leukemia	not available	not available	1	cell	not available	hydrophilic interaction chromatography	26.4 Å	not available	not available	K562_2mg_DSSO_HILIC_395_100pct	proteomic profiling by mass spectrometry	K562_2mg_DSSO_HILIC_395_100pct.raw	ftp://ftp.pride.ebi.ac.uk/pride/data/archive/2020/08/PXD018771/K562_2mg_DSSO_HILIC_395_100pct.raw	1	395_100pct	AC=MS:1002038;NT=label free sample	NT=Orbitrap Fusion Lumos;AC=MS:1002732	NT=Data-dependent acquisition;AC=PRIDE:0000449	NT=Trypsin;AC=MS:1001251	not available	not available	not available	not available	not available	hydrophilic interaction chromatography	chemical cross-linking coupled with mass spectrometry proteomics	NT=DSSO;AC=XLMOD:02010;CL=yes;TA=K,S,T,Y,nterm;MH=54.01;ML=85.98	hydrophilic interaction chromatography	v1.1.0	NT=ms-proteomics;VV=v1.1.0	NT=crosslinking;VV=v1.0.0	NT=human;VV=v1.1.0	HILIC
K-562 cell lysate DSSO crosslinked HILIC fractions	Homo sapiens	cell suspension culture	K-562 cell	chronic myelogenous leukemia	not available	not available	1	cell	not available	hydrophilic interaction chromatography	26.4 Å	not available	not available	K562_2mg_DSSO_HILIC_39_100pct	proteomic profiling by mass spectrometry	K562_2mg_DSSO_HILIC_39_100pct.raw	ftp://ftp.pride.ebi.ac.uk/pride/data/archive/2020/08/PXD018771/K562_2mg_DSSO_HILIC_39_100pct.raw	1	39_100pct	AC=MS:1002038;NT=label free sample	NT=Orbitrap Fusion Lumos;AC=MS:1002732	NT=Data-dependent acquisition;AC=PRIDE:0000449	NT=Trypsin;AC=MS:1001251	not available	not available	not available	not available	not available	hydrophilic interaction chromatography	chemical cross-linking coupled with mass spectrometry proteomics	NT=DSSO;AC=XLMOD:02010;CL=yes;TA=K,S,T,Y,nterm;MH=54.01;ML=85.98	hydrophilic interaction chromatography	v1.1.0	NT=ms-proteomics;VV=v1.1.0	NT=crosslinking;VV=v1.0.0	NT=human;VV=v1.1.0	HILIC
K-562 cell lysate DSSO crosslinked HILIC fractions	Homo sapiens	cell suspension culture	K-562 cell	chronic myelogenous leukemia	not available	not available	1	cell	not available	hydrophilic interaction chromatography	26.4 Å	not available	not available	K562_2mg_DSSO_HILIC_40_100pct	proteomic profiling by mass spectrometry	K562_2mg_DSSO_HILIC_40_100pct.raw	ftp://ftp.pride.ebi.ac.uk/pride/data/archive/2020/08/PXD018771/K562_2mg_DSSO_HILIC_40_100pct.raw	1	40_100pct	AC=MS:1002038;NT=label free sample	NT=Orbitrap Fusion Lumos;AC=MS:1002732	NT=Data-dependent acquisition;AC=PRIDE:0000449	NT=Trypsin;AC=MS:1001251	not available	not available	not available	not available	not available	hydrophilic interaction chromatography	chemical cross-linking coupled with mass spectrometry proteomics	NT=DSSO;AC=XLMOD:02010;CL=yes;TA=K,S,T,Y,nterm;MH=54.01;ML=85.98	hydrophilic interaction chromatography	v1.1.0	NT=ms-proteomics;VV=v1.1.0	NT=crosslinking;VV=v1.0.0	NT=human;VV=v1.1.0	HILIC
K-562 cell lysate DSSO crosslinked HILIC fractions	Homo sapiens	cell suspension culture	K-562 cell	chronic myelogenous leukemia	not available	not available	1	cell	not available	hydrophilic interaction chromatography	26.4 Å	not available	not available	K562_2mg_DSSO_HILIC_40p5_20pct	proteomic profiling by mass spectrometry	K562_2mg_DSSO_HILIC_40p5_20pct.raw	ftp://ftp.pride.ebi.ac.uk/pride/data/archive/2020/08/PXD018771/K562_2mg_DSSO_HILIC_40p5_20pct.raw	1	40p5_20pct	AC=MS:1002038;NT=label free sample	NT=Orbitrap Fusion Lumos;AC=MS:1002732	NT=Data-dependent acquisition;AC=PRIDE:0000449	NT=Trypsin;AC=MS:1001251	not available	not available	not available	not available	not available	hydrophilic interaction chromatography	chemical cross-linking coupled with mass spectrometry proteomics	NT=DSSO;AC=XLMOD:02010;CL=yes;TA=K,S,T,Y,nterm;MH=54.01;ML=85.98	hydrophilic interaction chromatography	v1.1.0	NT=ms-proteomics;VV=v1.1.0	NT=crosslinking;VV=v1.0.0	NT=human;VV=v1.1.0	HILIC
K-562 cell lysate DSSO crosslinked HILIC fractions	Homo sapiens	cell suspension culture	K-562 cell	chronic myelogenous leukemia	not available	not available	1	cell	not available	hydrophilic interaction chromatography	26.4 Å	not available	not available	K562_2mg_DSSO_HILIC_40p5_40pct	proteomic profiling by mass spectrometry	K562_2mg_DSSO_HILIC_40p5_40pct.raw	ftp://ftp.pride.ebi.ac.uk/pride/data/archive/2020/08/PXD018771/K562_2mg_DSSO_HILIC_40p5_40pct.raw	1	40p5_40pct	AC=MS:1002038;NT=label free sample	NT=Orbitrap Fusion Lumos;AC=MS:1002732	NT=Data-dependent acquisition;AC=PRIDE:0000449	NT=Trypsin;AC=MS:1001251	not available	not available	not available	not available	not available	hydrophilic interaction chromatography	chemical cross-linking coupled with mass spectrometry proteomics	NT=DSSO;AC=XLMOD:02010;CL=yes;TA=K,S,T,Y,nterm;MH=54.01;ML=85.98	hydrophilic interaction chromatography	v1.1.0	NT=ms-proteomics;VV=v1.1.0	NT=crosslinking;VV=v1.0.0	NT=human;VV=v1.1.0	HILIC
K-562 cell lysate DSSO crosslinked HILIC fractions	Homo sapiens	cell suspension culture	K-562 cell	chronic myelogenous leukemia	not available	not available	1	cell	not available	hydrophilic interaction chromatography	26.4 Å	not available	not available	K562_2mg_DSSO_HILIC_43p5_25pct	proteomic profiling by mass spectrometry	K562_2mg_DSSO_HILIC_43p5_25pct.raw	ftp://ftp.pride.ebi.ac.uk/pride/data/archive/2020/08/PXD018771/K562_2mg_DSSO_HILIC_43p5_25pct.raw	1	43p5_25pct	AC=MS:1002038;NT=label free sample	NT=Orbitrap Fusion Lumos;AC=MS:1002732	NT=Data-dependent acquisition;AC=PRIDE:0000449	NT=Trypsin;AC=MS:1001251	not available	not available	not available	not available	not available	hydrophilic interaction chromatography	chemical cross-linking coupled with mass spectrometry proteomics	NT=DSSO;AC=XLMOD:02010;CL=yes;TA=K,S,T,Y,nterm;MH=54.01;ML=85.98	hydrophilic interaction chromatography	v1.1.0	NT=ms-proteomics;VV=v1.1.0	NT=crosslinking;VV=v1.0.0	NT=human;VV=v1.1.0	HILIC
K-562 cell lysate DSSO crosslinked HILIC fractions	Homo sapiens	cell suspension culture	K-562 cell	chronic myelogenous leukemia	not available	not available	1	cell	not available	hydrophilic interaction chromatography	26.4 Å	not available	not available	K562_2mg_DSSO_HILIC_43p5_70pct	proteomic profiling by mass spectrometry	K562_2mg_DSSO_HILIC_43p5_70pct.raw	ftp://ftp.pride.ebi.ac.uk/pride/data/archive/2020/08/PXD018771/K562_2mg_DSSO_HILIC_43p5_70pct.raw	1	43p5_70pct	AC=MS:1002038;NT=label free sample	NT=Orbitrap Fusion Lumos;AC=MS:1002732	NT=Data-dependent acquisition;AC=PRIDE:0000449	NT=Trypsin;AC=MS:1001251	not available	not available	not available	not available	not available	hydrophilic interaction chromatography	chemical cross-linking coupled with mass spectrometry proteomics	NT=DSSO;AC=XLMOD:02010;CL=yes;TA=K,S,T,Y,nterm;MH=54.01;ML=85.98	hydrophilic interaction chromatography	v1.1.0	NT=ms-proteomics;VV=v1.1.0	NT=crosslinking;VV=v1.0.0	NT=human;VV=v1.1.0	HILIC
K-562 cell lysate DSSO crosslinked HILIC fractions	Homo sapiens	cell suspension culture	K-562 cell	chronic myelogenous leukemia	not available	not available	1	cell	not available	hydrophilic interaction chromatography	26.4 Å	not available	not available	K562_2mg_DSSO_HILIC_47_20pct	proteomic profiling by mass spectrometry	K562_2mg_DSSO_HILIC_47_20pct.raw	ftp://ftp.pride.ebi.ac.uk/pride/data/archive/2020/08/PXD018771/K562_2mg_DSSO_HILIC_47_20pct.raw	1	47_20pct	AC=MS:1002038;NT=label free sample	NT=Orbitrap Fusion Lumos;AC=MS:1002732	NT=Data-dependent acquisition;AC=PRIDE:0000449	NT=Trypsin;AC=MS:1001251	not available	not available	not available	not available	not available	hydrophilic interaction chromatography	chemical cross-linking coupled with mass spectrometry proteomics	NT=DSSO;AC=XLMOD:02010;CL=yes;TA=K,S,T,Y,nterm;MH=54.01;ML=85.98	hydrophilic interaction chromatography	v1.1.0	NT=ms-proteomics;VV=v1.1.0	NT=crosslinking;VV=v1.0.0	NT=human;VV=v1.1.0	HILIC
K-562 cell lysate DSSO crosslinked HILIC fractions	Homo sapiens	cell suspension culture	K-562 cell	chronic myelogenous leukemia	not available	not available	1	cell	not available	hydrophilic interaction chromatography	26.4 Å	not available	not available	K562_2mg_DSSO_HILIC_47_40pct	proteomic profiling by mass spectrometry	K562_2mg_DSSO_HILIC_47_40pct.raw	ftp://ftp.pride.ebi.ac.uk/pride/data/archive/2020/08/PXD018771/K562_2mg_DSSO_HILIC_47_40pct.raw	1	47_40pct	AC=MS:1002038;NT=label free sample	NT=Orbitrap Fusion Lumos;AC=MS:1002732	NT=Data-dependent acquisition;AC=PRIDE:0000449	NT=Trypsin;AC=MS:1001251	not available	not available	not available	not available	not available	hydrophilic interaction chromatography	chemical cross-linking coupled with mass spectrometry proteomics	NT=DSSO;AC=XLMOD:02010;CL=yes;TA=K,S,T,Y,nterm;MH=54.01;ML=85.98	hydrophilic interaction chromatography	v1.1.0	NT=ms-proteomics;VV=v1.1.0	NT=crosslinking;VV=v1.0.0	NT=human;VV=v1.1.0	HILIC
