source name	characteristics[organism]	characteristics[organism part]	characteristics[cell type]	characteristics[disease]	characteristics[age]	characteristics[sex]	characteristics[biological replicate]	characteristics[material type]	characteristics[sample type]	characteristics[enrichment process]	characteristics[crosslink distance]	characteristics[crosslinking reaction time]	characteristics[crosslinking temperature]	assay name	technology type	comment[data file]	comment[technical replicate]	comment[fraction identifier]	comment[label]	comment[instrument]	comment[proteomics data acquisition method]	comment[cleavage agent details]	comment[cleavage agent details]	comment[modification parameters]	comment[modification parameters]	comment[dissociation method]	comment[collision energy]	comment[precursor mass tolerance]	comment[fragment mass tolerance]	comment[fractionation method]	comment[chemical cross-linking coupled with ms]	comment[cross-linker]	comment[crosslink enrichment method]	comment[crosslinker concentration]	comment[quenching reagent]	comment[reduction reagent]	comment[alkylation reagent]	comment[sdrf version]	comment[sdrf template]	comment[sdrf template]	comment[sdrf template]
C/EBPa peptide matrix	homo sapiens	not applicable	not applicable	not applicable	not available	not applicable	1	synthetic	reference	peptide pull-down	not available	not available	not available	Gladys_20170125_ER_PRISMA_spot13	proteomic profiling by mass spectrometry	Gladys_20170125_ER_PRISMA_spot13.raw	1	1	AC=MS:1002038;NT=label free sample	NT=Q Exactive Plus;AC=MS:1002634	NT=Data-dependent acquisition;AC=PRIDE:0000449	NT=Trypsin;AC=MS:1001251	NT=Lys-C;AC=MS:1001309	NT=Carbamidomethyl;AC=UNIMOD:4;TA=C;MT=Fixed	NT=Oxidation;AC=UNIMOD:35;TA=M;MT=Variable	NT=HCD;AC=PRIDE:0000590	26% NCE	6 ppm	20 ppm	reverse phase liquid chromatography	peptide pull-down coupled with mass spectrometry proteomics	not applicable	peptide matrix pull-down	not available	not available	TCEP	chloroacetamide	v1.1.0	NT=ms-proteomics;VV=v1.1.0	NT=crosslinking;VV=v1.0.0	NT=human;VV=v1.1.0
C/EBPa peptide matrix	homo sapiens	not applicable	not applicable	not applicable	not available	not applicable	1	synthetic	reference	peptide pull-down	not available	not available	not available	Gladys_20170125_ER_PRISMA_spot15	proteomic profiling by mass spectrometry	Gladys_20170125_ER_PRISMA_spot15.raw	1	2	AC=MS:1002038;NT=label free sample	NT=Q Exactive Plus;AC=MS:1002634	NT=Data-dependent acquisition;AC=PRIDE:0000449	NT=Trypsin;AC=MS:1001251	NT=Lys-C;AC=MS:1001309	NT=Carbamidomethyl;AC=UNIMOD:4;TA=C;MT=Fixed	NT=Oxidation;AC=UNIMOD:35;TA=M;MT=Variable	NT=HCD;AC=PRIDE:0000590	26% NCE	6 ppm	20 ppm	reverse phase liquid chromatography	peptide pull-down coupled with mass spectrometry proteomics	not applicable	peptide matrix pull-down	not available	not available	TCEP	chloroacetamide	v1.1.0	NT=ms-proteomics;VV=v1.1.0	NT=crosslinking;VV=v1.0.0	NT=human;VV=v1.1.0
C/EBPa peptide matrix	homo sapiens	not applicable	not applicable	not applicable	not available	not applicable	1	synthetic	reference	peptide pull-down	not available	not available	not available	Gladys_20170125_ER_PRISMA_spot16	proteomic profiling by mass spectrometry	Gladys_20170125_ER_PRISMA_spot16.raw	1	3	AC=MS:1002038;NT=label free sample	NT=Q Exactive Plus;AC=MS:1002634	NT=Data-dependent acquisition;AC=PRIDE:0000449	NT=Trypsin;AC=MS:1001251	NT=Lys-C;AC=MS:1001309	NT=Carbamidomethyl;AC=UNIMOD:4;TA=C;MT=Fixed	NT=Oxidation;AC=UNIMOD:35;TA=M;MT=Variable	NT=HCD;AC=PRIDE:0000590	26% NCE	6 ppm	20 ppm	reverse phase liquid chromatography	peptide pull-down coupled with mass spectrometry proteomics	not applicable	peptide matrix pull-down	not available	not available	TCEP	chloroacetamide	v1.1.0	NT=ms-proteomics;VV=v1.1.0	NT=crosslinking;VV=v1.0.0	NT=human;VV=v1.1.0
C/EBPa peptide matrix	homo sapiens	not applicable	not applicable	not applicable	not available	not applicable	1	synthetic	reference	peptide pull-down	not available	not available	not available	Gladys_20170125_ER_PRISMA_spot17	proteomic profiling by mass spectrometry	Gladys_20170125_ER_PRISMA_spot17.raw	1	4	AC=MS:1002038;NT=label free sample	NT=Q Exactive Plus;AC=MS:1002634	NT=Data-dependent acquisition;AC=PRIDE:0000449	NT=Trypsin;AC=MS:1001251	NT=Lys-C;AC=MS:1001309	NT=Carbamidomethyl;AC=UNIMOD:4;TA=C;MT=Fixed	NT=Oxidation;AC=UNIMOD:35;TA=M;MT=Variable	NT=HCD;AC=PRIDE:0000590	26% NCE	6 ppm	20 ppm	reverse phase liquid chromatography	peptide pull-down coupled with mass spectrometry proteomics	not applicable	peptide matrix pull-down	not available	not available	TCEP	chloroacetamide	v1.1.0	NT=ms-proteomics;VV=v1.1.0	NT=crosslinking;VV=v1.0.0	NT=human;VV=v1.1.0
C/EBPa peptide matrix	homo sapiens	not applicable	not applicable	not applicable	not available	not applicable	1	synthetic	reference	peptide pull-down	not available	not available	not available	Gladys_20170125_ER_PRISMA_spot23	proteomic profiling by mass spectrometry	Gladys_20170125_ER_PRISMA_spot23.raw	1	5	AC=MS:1002038;NT=label free sample	NT=Q Exactive Plus;AC=MS:1002634	NT=Data-dependent acquisition;AC=PRIDE:0000449	NT=Trypsin;AC=MS:1001251	NT=Lys-C;AC=MS:1001309	NT=Carbamidomethyl;AC=UNIMOD:4;TA=C;MT=Fixed	NT=Oxidation;AC=UNIMOD:35;TA=M;MT=Variable	NT=HCD;AC=PRIDE:0000590	26% NCE	6 ppm	20 ppm	reverse phase liquid chromatography	peptide pull-down coupled with mass spectrometry proteomics	not applicable	peptide matrix pull-down	not available	not available	TCEP	chloroacetamide	v1.1.0	NT=ms-proteomics;VV=v1.1.0	NT=crosslinking;VV=v1.0.0	NT=human;VV=v1.1.0
C/EBPa peptide matrix	homo sapiens	not applicable	not applicable	not applicable	not available	not applicable	1	synthetic	reference	peptide pull-down	not available	not available	not available	Gladys_20170125_ER_PRISMA_spot29	proteomic profiling by mass spectrometry	Gladys_20170125_ER_PRISMA_spot29.raw	1	6	AC=MS:1002038;NT=label free sample	NT=Q Exactive Plus;AC=MS:1002634	NT=Data-dependent acquisition;AC=PRIDE:0000449	NT=Trypsin;AC=MS:1001251	NT=Lys-C;AC=MS:1001309	NT=Carbamidomethyl;AC=UNIMOD:4;TA=C;MT=Fixed	NT=Oxidation;AC=UNIMOD:35;TA=M;MT=Variable	NT=HCD;AC=PRIDE:0000590	26% NCE	6 ppm	20 ppm	reverse phase liquid chromatography	peptide pull-down coupled with mass spectrometry proteomics	not applicable	peptide matrix pull-down	not available	not available	TCEP	chloroacetamide	v1.1.0	NT=ms-proteomics;VV=v1.1.0	NT=crosslinking;VV=v1.0.0	NT=human;VV=v1.1.0
C/EBPa peptide matrix	homo sapiens	not applicable	not applicable	not applicable	not available	not applicable	1	synthetic	reference	peptide pull-down	not available	not available	not available	Gladys_20170127_ER_PRISMA_spot33	proteomic profiling by mass spectrometry	Gladys_20170127_ER_PRISMA_spot33.raw	1	7	AC=MS:1002038;NT=label free sample	NT=Q Exactive Plus;AC=MS:1002634	NT=Data-dependent acquisition;AC=PRIDE:0000449	NT=Trypsin;AC=MS:1001251	NT=Lys-C;AC=MS:1001309	NT=Carbamidomethyl;AC=UNIMOD:4;TA=C;MT=Fixed	NT=Oxidation;AC=UNIMOD:35;TA=M;MT=Variable	NT=HCD;AC=PRIDE:0000590	26% NCE	6 ppm	20 ppm	reverse phase liquid chromatography	peptide pull-down coupled with mass spectrometry proteomics	not applicable	peptide matrix pull-down	not available	not available	TCEP	chloroacetamide	v1.1.0	NT=ms-proteomics;VV=v1.1.0	NT=crosslinking;VV=v1.0.0	NT=human;VV=v1.1.0
C/EBPa peptide matrix	homo sapiens	not applicable	not applicable	not applicable	not available	not applicable	1	synthetic	reference	peptide pull-down	not available	not available	not available	Gladys_20170127_ER_PRISMA_spot35	proteomic profiling by mass spectrometry	Gladys_20170127_ER_PRISMA_spot35.raw	1	8	AC=MS:1002038;NT=label free sample	NT=Q Exactive Plus;AC=MS:1002634	NT=Data-dependent acquisition;AC=PRIDE:0000449	NT=Trypsin;AC=MS:1001251	NT=Lys-C;AC=MS:1001309	NT=Carbamidomethyl;AC=UNIMOD:4;TA=C;MT=Fixed	NT=Oxidation;AC=UNIMOD:35;TA=M;MT=Variable	NT=HCD;AC=PRIDE:0000590	26% NCE	6 ppm	20 ppm	reverse phase liquid chromatography	peptide pull-down coupled with mass spectrometry proteomics	not applicable	peptide matrix pull-down	not available	not available	TCEP	chloroacetamide	v1.1.0	NT=ms-proteomics;VV=v1.1.0	NT=crosslinking;VV=v1.0.0	NT=human;VV=v1.1.0
C/EBPa peptide matrix	homo sapiens	not applicable	not applicable	not applicable	not available	not applicable	1	synthetic	reference	peptide pull-down	not available	not available	not available	Gladys_20170127_ER_PRISMA_spot39	proteomic profiling by mass spectrometry	Gladys_20170127_ER_PRISMA_spot39.raw	1	9	AC=MS:1002038;NT=label free sample	NT=Q Exactive Plus;AC=MS:1002634	NT=Data-dependent acquisition;AC=PRIDE:0000449	NT=Trypsin;AC=MS:1001251	NT=Lys-C;AC=MS:1001309	NT=Carbamidomethyl;AC=UNIMOD:4;TA=C;MT=Fixed	NT=Oxidation;AC=UNIMOD:35;TA=M;MT=Variable	NT=HCD;AC=PRIDE:0000590	26% NCE	6 ppm	20 ppm	reverse phase liquid chromatography	peptide pull-down coupled with mass spectrometry proteomics	not applicable	peptide matrix pull-down	not available	not available	TCEP	chloroacetamide	v1.1.0	NT=ms-proteomics;VV=v1.1.0	NT=crosslinking;VV=v1.0.0	NT=human;VV=v1.1.0
C/EBPa peptide matrix	homo sapiens	not applicable	not applicable	not applicable	not available	not applicable	1	synthetic	reference	peptide pull-down	not available	not available	not available	Gladys_20170127_ER_PRISMA_spot43	proteomic profiling by mass spectrometry	Gladys_20170127_ER_PRISMA_spot43.raw	1	10	AC=MS:1002038;NT=label free sample	NT=Q Exactive Plus;AC=MS:1002634	NT=Data-dependent acquisition;AC=PRIDE:0000449	NT=Trypsin;AC=MS:1001251	NT=Lys-C;AC=MS:1001309	NT=Carbamidomethyl;AC=UNIMOD:4;TA=C;MT=Fixed	NT=Oxidation;AC=UNIMOD:35;TA=M;MT=Variable	NT=HCD;AC=PRIDE:0000590	26% NCE	6 ppm	20 ppm	reverse phase liquid chromatography	peptide pull-down coupled with mass spectrometry proteomics	not applicable	peptide matrix pull-down	not available	not available	TCEP	chloroacetamide	v1.1.0	NT=ms-proteomics;VV=v1.1.0	NT=crosslinking;VV=v1.0.0	NT=human;VV=v1.1.0
C/EBPa peptide matrix	homo sapiens	not applicable	not applicable	not applicable	not available	not applicable	1	synthetic	reference	peptide pull-down	not available	not available	not available	Gladys_20170127_ER_PRISMA_spot49	proteomic profiling by mass spectrometry	Gladys_20170127_ER_PRISMA_spot49.raw	1	11	AC=MS:1002038;NT=label free sample	NT=Q Exactive Plus;AC=MS:1002634	NT=Data-dependent acquisition;AC=PRIDE:0000449	NT=Trypsin;AC=MS:1001251	NT=Lys-C;AC=MS:1001309	NT=Carbamidomethyl;AC=UNIMOD:4;TA=C;MT=Fixed	NT=Oxidation;AC=UNIMOD:35;TA=M;MT=Variable	NT=HCD;AC=PRIDE:0000590	26% NCE	6 ppm	20 ppm	reverse phase liquid chromatography	peptide pull-down coupled with mass spectrometry proteomics	not applicable	peptide matrix pull-down	not available	not available	TCEP	chloroacetamide	v1.1.0	NT=ms-proteomics;VV=v1.1.0	NT=crosslinking;VV=v1.0.0	NT=human;VV=v1.1.0
C/EBPa peptide matrix	homo sapiens	not applicable	not applicable	not applicable	not available	not applicable	1	synthetic	reference	peptide pull-down	not available	not available	not available	Gladys_20170127_ER_PRISMA_spot55	proteomic profiling by mass spectrometry	Gladys_20170127_ER_PRISMA_spot55.raw	1	12	AC=MS:1002038;NT=label free sample	NT=Q Exactive Plus;AC=MS:1002634	NT=Data-dependent acquisition;AC=PRIDE:0000449	NT=Trypsin;AC=MS:1001251	NT=Lys-C;AC=MS:1001309	NT=Carbamidomethyl;AC=UNIMOD:4;TA=C;MT=Fixed	NT=Oxidation;AC=UNIMOD:35;TA=M;MT=Variable	NT=HCD;AC=PRIDE:0000590	26% NCE	6 ppm	20 ppm	reverse phase liquid chromatography	peptide pull-down coupled with mass spectrometry proteomics	not applicable	peptide matrix pull-down	not available	not available	TCEP	chloroacetamide	v1.1.0	NT=ms-proteomics;VV=v1.1.0	NT=crosslinking;VV=v1.0.0	NT=human;VV=v1.1.0
C/EBPa peptide matrix	homo sapiens	not applicable	not applicable	not applicable	not available	not applicable	1	synthetic	reference	peptide pull-down	not available	not available	not available	Gladys_20170127_ER_PRISMA_spot60	proteomic profiling by mass spectrometry	Gladys_20170127_ER_PRISMA_spot60.raw	1	13	AC=MS:1002038;NT=label free sample	NT=Q Exactive Plus;AC=MS:1002634	NT=Data-dependent acquisition;AC=PRIDE:0000449	NT=Trypsin;AC=MS:1001251	NT=Lys-C;AC=MS:1001309	NT=Carbamidomethyl;AC=UNIMOD:4;TA=C;MT=Fixed	NT=Oxidation;AC=UNIMOD:35;TA=M;MT=Variable	NT=HCD;AC=PRIDE:0000590	26% NCE	6 ppm	20 ppm	reverse phase liquid chromatography	peptide pull-down coupled with mass spectrometry proteomics	not applicable	peptide matrix pull-down	not available	not available	TCEP	chloroacetamide	v1.1.0	NT=ms-proteomics;VV=v1.1.0	NT=crosslinking;VV=v1.0.0	NT=human;VV=v1.1.0
C/EBPa peptide matrix	homo sapiens	not applicable	not applicable	not applicable	not available	not applicable	1	synthetic	reference	peptide pull-down	not available	not available	not available	Gladys_20170127_ER_PRISMA_spot62	proteomic profiling by mass spectrometry	Gladys_20170127_ER_PRISMA_spot62.raw	1	14	AC=MS:1002038;NT=label free sample	NT=Q Exactive Plus;AC=MS:1002634	NT=Data-dependent acquisition;AC=PRIDE:0000449	NT=Trypsin;AC=MS:1001251	NT=Lys-C;AC=MS:1001309	NT=Carbamidomethyl;AC=UNIMOD:4;TA=C;MT=Fixed	NT=Oxidation;AC=UNIMOD:35;TA=M;MT=Variable	NT=HCD;AC=PRIDE:0000590	26% NCE	6 ppm	20 ppm	reverse phase liquid chromatography	peptide pull-down coupled with mass spectrometry proteomics	not applicable	peptide matrix pull-down	not available	not available	TCEP	chloroacetamide	v1.1.0	NT=ms-proteomics;VV=v1.1.0	NT=crosslinking;VV=v1.0.0	NT=human;VV=v1.1.0
C/EBPa peptide matrix	homo sapiens	not applicable	not applicable	not applicable	not available	not applicable	1	synthetic	reference	peptide pull-down	not available	not available	not available	Gladys_20170127_ER_PRISMA_spot63	proteomic profiling by mass spectrometry	Gladys_20170127_ER_PRISMA_spot63.raw	1	15	AC=MS:1002038;NT=label free sample	NT=Q Exactive Plus;AC=MS:1002634	NT=Data-dependent acquisition;AC=PRIDE:0000449	NT=Trypsin;AC=MS:1001251	NT=Lys-C;AC=MS:1001309	NT=Carbamidomethyl;AC=UNIMOD:4;TA=C;MT=Fixed	NT=Oxidation;AC=UNIMOD:35;TA=M;MT=Variable	NT=HCD;AC=PRIDE:0000590	26% NCE	6 ppm	20 ppm	reverse phase liquid chromatography	peptide pull-down coupled with mass spectrometry proteomics	not applicable	peptide matrix pull-down	not available	not available	TCEP	chloroacetamide	v1.1.0	NT=ms-proteomics;VV=v1.1.0	NT=crosslinking;VV=v1.0.0	NT=human;VV=v1.1.0
C/EBPa peptide matrix	homo sapiens	not applicable	not applicable	not applicable	not available	not applicable	1	synthetic	reference	peptide pull-down	not available	not available	not available	Gladys_20170129_ER_PRISMA_spot64	proteomic profiling by mass spectrometry	Gladys_20170129_ER_PRISMA_spot64.raw	1	16	AC=MS:1002038;NT=label free sample	NT=Q Exactive Plus;AC=MS:1002634	NT=Data-dependent acquisition;AC=PRIDE:0000449	NT=Trypsin;AC=MS:1001251	NT=Lys-C;AC=MS:1001309	NT=Carbamidomethyl;AC=UNIMOD:4;TA=C;MT=Fixed	NT=Oxidation;AC=UNIMOD:35;TA=M;MT=Variable	NT=HCD;AC=PRIDE:0000590	26% NCE	6 ppm	20 ppm	reverse phase liquid chromatography	peptide pull-down coupled with mass spectrometry proteomics	not applicable	peptide matrix pull-down	not available	not available	TCEP	chloroacetamide	v1.1.0	NT=ms-proteomics;VV=v1.1.0	NT=crosslinking;VV=v1.0.0	NT=human;VV=v1.1.0
C/EBPa peptide matrix	homo sapiens	not applicable	not applicable	not applicable	not available	not applicable	1	synthetic	reference	peptide pull-down	not available	not available	not available	Gladys_20170129_ER_PRISMA_spot67_wh	proteomic profiling by mass spectrometry	Gladys_20170129_ER_PRISMA_spot67_wh.raw	1	17	AC=MS:1002038;NT=label free sample	NT=Q Exactive Plus;AC=MS:1002634	NT=Data-dependent acquisition;AC=PRIDE:0000449	NT=Trypsin;AC=MS:1001251	NT=Lys-C;AC=MS:1001309	NT=Carbamidomethyl;AC=UNIMOD:4;TA=C;MT=Fixed	NT=Oxidation;AC=UNIMOD:35;TA=M;MT=Variable	NT=HCD;AC=PRIDE:0000590	26% NCE	6 ppm	20 ppm	reverse phase liquid chromatography	peptide pull-down coupled with mass spectrometry proteomics	not applicable	peptide matrix pull-down	not available	not available	TCEP	chloroacetamide	v1.1.0	NT=ms-proteomics;VV=v1.1.0	NT=crosslinking;VV=v1.0.0	NT=human;VV=v1.1.0
C/EBPa peptide matrix	homo sapiens	not applicable	not applicable	not applicable	not available	not applicable	1	synthetic	reference	peptide pull-down	not available	not available	not available	Gladys_20170129_ER_PRISMA_spot80_wh	proteomic profiling by mass spectrometry	Gladys_20170129_ER_PRISMA_spot80_wh.raw	1	18	AC=MS:1002038;NT=label free sample	NT=Q Exactive Plus;AC=MS:1002634	NT=Data-dependent acquisition;AC=PRIDE:0000449	NT=Trypsin;AC=MS:1001251	NT=Lys-C;AC=MS:1001309	NT=Carbamidomethyl;AC=UNIMOD:4;TA=C;MT=Fixed	NT=Oxidation;AC=UNIMOD:35;TA=M;MT=Variable	NT=HCD;AC=PRIDE:0000590	26% NCE	6 ppm	20 ppm	reverse phase liquid chromatography	peptide pull-down coupled with mass spectrometry proteomics	not applicable	peptide matrix pull-down	not available	not available	TCEP	chloroacetamide	v1.1.0	NT=ms-proteomics;VV=v1.1.0	NT=crosslinking;VV=v1.0.0	NT=human;VV=v1.1.0
C/EBPa peptide matrix	homo sapiens	not applicable	not applicable	not applicable	not available	not applicable	1	synthetic	reference	peptide pull-down	not available	not available	not available	Gladys_20170130_ER_PRISMA_spot108	proteomic profiling by mass spectrometry	Gladys_20170130_ER_PRISMA_spot108.raw	1	19	AC=MS:1002038;NT=label free sample	NT=Q Exactive Plus;AC=MS:1002634	NT=Data-dependent acquisition;AC=PRIDE:0000449	NT=Trypsin;AC=MS:1001251	NT=Lys-C;AC=MS:1001309	NT=Carbamidomethyl;AC=UNIMOD:4;TA=C;MT=Fixed	NT=Oxidation;AC=UNIMOD:35;TA=M;MT=Variable	NT=HCD;AC=PRIDE:0000590	26% NCE	6 ppm	20 ppm	reverse phase liquid chromatography	peptide pull-down coupled with mass spectrometry proteomics	not applicable	peptide matrix pull-down	not available	not available	TCEP	chloroacetamide	v1.1.0	NT=ms-proteomics;VV=v1.1.0	NT=crosslinking;VV=v1.0.0	NT=human;VV=v1.1.0
C/EBPa peptide matrix	homo sapiens	not applicable	not applicable	not applicable	not available	not applicable	1	synthetic	reference	peptide pull-down	not available	not available	not available	Gladys_20170130_ER_PRISMA_spot112	proteomic profiling by mass spectrometry	Gladys_20170130_ER_PRISMA_spot112.raw	1	20	AC=MS:1002038;NT=label free sample	NT=Q Exactive Plus;AC=MS:1002634	NT=Data-dependent acquisition;AC=PRIDE:0000449	NT=Trypsin;AC=MS:1001251	NT=Lys-C;AC=MS:1001309	NT=Carbamidomethyl;AC=UNIMOD:4;TA=C;MT=Fixed	NT=Oxidation;AC=UNIMOD:35;TA=M;MT=Variable	NT=HCD;AC=PRIDE:0000590	26% NCE	6 ppm	20 ppm	reverse phase liquid chromatography	peptide pull-down coupled with mass spectrometry proteomics	not applicable	peptide matrix pull-down	not available	not available	TCEP	chloroacetamide	v1.1.0	NT=ms-proteomics;VV=v1.1.0	NT=crosslinking;VV=v1.0.0	NT=human;VV=v1.1.0
C/EBPa peptide matrix	homo sapiens	not applicable	not applicable	not applicable	not available	not applicable	1	synthetic	reference	peptide pull-down	not available	not available	not available	Gladys_20170130_ER_PRISMA_spot82_wh	proteomic profiling by mass spectrometry	Gladys_20170130_ER_PRISMA_spot82_wh.raw	1	21	AC=MS:1002038;NT=label free sample	NT=Q Exactive Plus;AC=MS:1002634	NT=Data-dependent acquisition;AC=PRIDE:0000449	NT=Trypsin;AC=MS:1001251	NT=Lys-C;AC=MS:1001309	NT=Carbamidomethyl;AC=UNIMOD:4;TA=C;MT=Fixed	NT=Oxidation;AC=UNIMOD:35;TA=M;MT=Variable	NT=HCD;AC=PRIDE:0000590	26% NCE	6 ppm	20 ppm	reverse phase liquid chromatography	peptide pull-down coupled with mass spectrometry proteomics	not applicable	peptide matrix pull-down	not available	not available	TCEP	chloroacetamide	v1.1.0	NT=ms-proteomics;VV=v1.1.0	NT=crosslinking;VV=v1.0.0	NT=human;VV=v1.1.0
C/EBPa peptide matrix	homo sapiens	not applicable	not applicable	not applicable	not available	not applicable	1	synthetic	reference	peptide pull-down	not available	not available	not available	Gladys_20170130_ER_PRISMA_spot83	proteomic profiling by mass spectrometry	Gladys_20170130_ER_PRISMA_spot83.raw	1	22	AC=MS:1002038;NT=label free sample	NT=Q Exactive Plus;AC=MS:1002634	NT=Data-dependent acquisition;AC=PRIDE:0000449	NT=Trypsin;AC=MS:1001251	NT=Lys-C;AC=MS:1001309	NT=Carbamidomethyl;AC=UNIMOD:4;TA=C;MT=Fixed	NT=Oxidation;AC=UNIMOD:35;TA=M;MT=Variable	NT=HCD;AC=PRIDE:0000590	26% NCE	6 ppm	20 ppm	reverse phase liquid chromatography	peptide pull-down coupled with mass spectrometry proteomics	not applicable	peptide matrix pull-down	not available	not available	TCEP	chloroacetamide	v1.1.0	NT=ms-proteomics;VV=v1.1.0	NT=crosslinking;VV=v1.0.0	NT=human;VV=v1.1.0
C/EBPa peptide matrix	homo sapiens	not applicable	not applicable	not applicable	not available	not applicable	1	synthetic	reference	peptide pull-down	not available	not available	not available	Gladys_20170130_ER_PRISMA_spot93	proteomic profiling by mass spectrometry	Gladys_20170130_ER_PRISMA_spot93.raw	1	23	AC=MS:1002038;NT=label free sample	NT=Q Exactive Plus;AC=MS:1002634	NT=Data-dependent acquisition;AC=PRIDE:0000449	NT=Trypsin;AC=MS:1001251	NT=Lys-C;AC=MS:1001309	NT=Carbamidomethyl;AC=UNIMOD:4;TA=C;MT=Fixed	NT=Oxidation;AC=UNIMOD:35;TA=M;MT=Variable	NT=HCD;AC=PRIDE:0000590	26% NCE	6 ppm	20 ppm	reverse phase liquid chromatography	peptide pull-down coupled with mass spectrometry proteomics	not applicable	peptide matrix pull-down	not available	not available	TCEP	chloroacetamide	v1.1.0	NT=ms-proteomics;VV=v1.1.0	NT=crosslinking;VV=v1.0.0	NT=human;VV=v1.1.0
C/EBPa peptide matrix	homo sapiens	not applicable	not applicable	not applicable	not available	not applicable	1	synthetic	reference	peptide pull-down	not available	not available	not available	Gladys_20170201_ER_PRISMA_spot123	proteomic profiling by mass spectrometry	Gladys_20170201_ER_PRISMA_spot123.raw	1	24	AC=MS:1002038;NT=label free sample	NT=Q Exactive Plus;AC=MS:1002634	NT=Data-dependent acquisition;AC=PRIDE:0000449	NT=Trypsin;AC=MS:1001251	NT=Lys-C;AC=MS:1001309	NT=Carbamidomethyl;AC=UNIMOD:4;TA=C;MT=Fixed	NT=Oxidation;AC=UNIMOD:35;TA=M;MT=Variable	NT=HCD;AC=PRIDE:0000590	26% NCE	6 ppm	20 ppm	reverse phase liquid chromatography	peptide pull-down coupled with mass spectrometry proteomics	not applicable	peptide matrix pull-down	not available	not available	TCEP	chloroacetamide	v1.1.0	NT=ms-proteomics;VV=v1.1.0	NT=crosslinking;VV=v1.0.0	NT=human;VV=v1.1.0
C/EBPa peptide matrix	homo sapiens	not applicable	not applicable	not applicable	not available	not applicable	1	synthetic	reference	peptide pull-down	not available	not available	not available	Gladys_20170201_ER_PRISMA_spot124	proteomic profiling by mass spectrometry	Gladys_20170201_ER_PRISMA_spot124.raw	1	25	AC=MS:1002038;NT=label free sample	NT=Q Exactive Plus;AC=MS:1002634	NT=Data-dependent acquisition;AC=PRIDE:0000449	NT=Trypsin;AC=MS:1001251	NT=Lys-C;AC=MS:1001309	NT=Carbamidomethyl;AC=UNIMOD:4;TA=C;MT=Fixed	NT=Oxidation;AC=UNIMOD:35;TA=M;MT=Variable	NT=HCD;AC=PRIDE:0000590	26% NCE	6 ppm	20 ppm	reverse phase liquid chromatography	peptide pull-down coupled with mass spectrometry proteomics	not applicable	peptide matrix pull-down	not available	not available	TCEP	chloroacetamide	v1.1.0	NT=ms-proteomics;VV=v1.1.0	NT=crosslinking;VV=v1.0.0	NT=human;VV=v1.1.0
C/EBPa peptide matrix	homo sapiens	not applicable	not applicable	not applicable	not available	not applicable	1	synthetic	reference	peptide pull-down	not available	not available	not available	Gladys_20170201_ER_PRISMA_spot128	proteomic profiling by mass spectrometry	Gladys_20170201_ER_PRISMA_spot128.raw	1	26	AC=MS:1002038;NT=label free sample	NT=Q Exactive Plus;AC=MS:1002634	NT=Data-dependent acquisition;AC=PRIDE:0000449	NT=Trypsin;AC=MS:1001251	NT=Lys-C;AC=MS:1001309	NT=Carbamidomethyl;AC=UNIMOD:4;TA=C;MT=Fixed	NT=Oxidation;AC=UNIMOD:35;TA=M;MT=Variable	NT=HCD;AC=PRIDE:0000590	26% NCE	6 ppm	20 ppm	reverse phase liquid chromatography	peptide pull-down coupled with mass spectrometry proteomics	not applicable	peptide matrix pull-down	not available	not available	TCEP	chloroacetamide	v1.1.0	NT=ms-proteomics;VV=v1.1.0	NT=crosslinking;VV=v1.0.0	NT=human;VV=v1.1.0
C/EBPa peptide matrix	homo sapiens	not applicable	not applicable	not applicable	not available	not applicable	1	synthetic	reference	peptide pull-down	not available	not available	not available	Gladys_20170201_ER_PRISMA_spot133	proteomic profiling by mass spectrometry	Gladys_20170201_ER_PRISMA_spot133.raw	1	27	AC=MS:1002038;NT=label free sample	NT=Q Exactive Plus;AC=MS:1002634	NT=Data-dependent acquisition;AC=PRIDE:0000449	NT=Trypsin;AC=MS:1001251	NT=Lys-C;AC=MS:1001309	NT=Carbamidomethyl;AC=UNIMOD:4;TA=C;MT=Fixed	NT=Oxidation;AC=UNIMOD:35;TA=M;MT=Variable	NT=HCD;AC=PRIDE:0000590	26% NCE	6 ppm	20 ppm	reverse phase liquid chromatography	peptide pull-down coupled with mass spectrometry proteomics	not applicable	peptide matrix pull-down	not available	not available	TCEP	chloroacetamide	v1.1.0	NT=ms-proteomics;VV=v1.1.0	NT=crosslinking;VV=v1.0.0	NT=human;VV=v1.1.0
C/EBPa peptide matrix	homo sapiens	not applicable	not applicable	not applicable	not available	not applicable	1	synthetic	reference	peptide pull-down	not available	not available	not available	Gladys_20170201_ER_PRISMA_spot134	proteomic profiling by mass spectrometry	Gladys_20170201_ER_PRISMA_spot134.raw	1	28	AC=MS:1002038;NT=label free sample	NT=Q Exactive Plus;AC=MS:1002634	NT=Data-dependent acquisition;AC=PRIDE:0000449	NT=Trypsin;AC=MS:1001251	NT=Lys-C;AC=MS:1001309	NT=Carbamidomethyl;AC=UNIMOD:4;TA=C;MT=Fixed	NT=Oxidation;AC=UNIMOD:35;TA=M;MT=Variable	NT=HCD;AC=PRIDE:0000590	26% NCE	6 ppm	20 ppm	reverse phase liquid chromatography	peptide pull-down coupled with mass spectrometry proteomics	not applicable	peptide matrix pull-down	not available	not available	TCEP	chloroacetamide	v1.1.0	NT=ms-proteomics;VV=v1.1.0	NT=crosslinking;VV=v1.0.0	NT=human;VV=v1.1.0
C/EBPa peptide matrix	homo sapiens	not applicable	not applicable	not applicable	not available	not applicable	1	synthetic	reference	peptide pull-down	not available	not available	not available	Gladys_20170201_ER_PRISMA_spot139	proteomic profiling by mass spectrometry	Gladys_20170201_ER_PRISMA_spot139.raw	1	29	AC=MS:1002038;NT=label free sample	NT=Q Exactive Plus;AC=MS:1002634	NT=Data-dependent acquisition;AC=PRIDE:0000449	NT=Trypsin;AC=MS:1001251	NT=Lys-C;AC=MS:1001309	NT=Carbamidomethyl;AC=UNIMOD:4;TA=C;MT=Fixed	NT=Oxidation;AC=UNIMOD:35;TA=M;MT=Variable	NT=HCD;AC=PRIDE:0000590	26% NCE	6 ppm	20 ppm	reverse phase liquid chromatography	peptide pull-down coupled with mass spectrometry proteomics	not applicable	peptide matrix pull-down	not available	not available	TCEP	chloroacetamide	v1.1.0	NT=ms-proteomics;VV=v1.1.0	NT=crosslinking;VV=v1.0.0	NT=human;VV=v1.1.0
C/EBPa peptide matrix	homo sapiens	not applicable	not applicable	not applicable	not available	not applicable	1	synthetic	reference	peptide pull-down	not available	not available	not available	Gladys_20170201_ER_PRISMA_spot140	proteomic profiling by mass spectrometry	Gladys_20170201_ER_PRISMA_spot140.raw	1	30	AC=MS:1002038;NT=label free sample	NT=Q Exactive Plus;AC=MS:1002634	NT=Data-dependent acquisition;AC=PRIDE:0000449	NT=Trypsin;AC=MS:1001251	NT=Lys-C;AC=MS:1001309	NT=Carbamidomethyl;AC=UNIMOD:4;TA=C;MT=Fixed	NT=Oxidation;AC=UNIMOD:35;TA=M;MT=Variable	NT=HCD;AC=PRIDE:0000590	26% NCE	6 ppm	20 ppm	reverse phase liquid chromatography	peptide pull-down coupled with mass spectrometry proteomics	not applicable	peptide matrix pull-down	not available	not available	TCEP	chloroacetamide	v1.1.0	NT=ms-proteomics;VV=v1.1.0	NT=crosslinking;VV=v1.0.0	NT=human;VV=v1.1.0
C/EBPa peptide matrix	homo sapiens	not applicable	not applicable	not applicable	not available	not applicable	1	synthetic	reference	peptide pull-down	not available	not available	not available	Gladys_20170201_ER_PRISMA_spot151	proteomic profiling by mass spectrometry	Gladys_20170201_ER_PRISMA_spot151.raw	1	31	AC=MS:1002038;NT=label free sample	NT=Q Exactive Plus;AC=MS:1002634	NT=Data-dependent acquisition;AC=PRIDE:0000449	NT=Trypsin;AC=MS:1001251	NT=Lys-C;AC=MS:1001309	NT=Carbamidomethyl;AC=UNIMOD:4;TA=C;MT=Fixed	NT=Oxidation;AC=UNIMOD:35;TA=M;MT=Variable	NT=HCD;AC=PRIDE:0000590	26% NCE	6 ppm	20 ppm	reverse phase liquid chromatography	peptide pull-down coupled with mass spectrometry proteomics	not applicable	peptide matrix pull-down	not available	not available	TCEP	chloroacetamide	v1.1.0	NT=ms-proteomics;VV=v1.1.0	NT=crosslinking;VV=v1.0.0	NT=human;VV=v1.1.0
C/EBPa peptide matrix	homo sapiens	not applicable	not applicable	not applicable	not available	not applicable	1	synthetic	reference	peptide pull-down	not available	not available	not available	Gladys_20170201_ER_PRISMA_spot157	proteomic profiling by mass spectrometry	Gladys_20170201_ER_PRISMA_spot157.raw	1	32	AC=MS:1002038;NT=label free sample	NT=Q Exactive Plus;AC=MS:1002634	NT=Data-dependent acquisition;AC=PRIDE:0000449	NT=Trypsin;AC=MS:1001251	NT=Lys-C;AC=MS:1001309	NT=Carbamidomethyl;AC=UNIMOD:4;TA=C;MT=Fixed	NT=Oxidation;AC=UNIMOD:35;TA=M;MT=Variable	NT=HCD;AC=PRIDE:0000590	26% NCE	6 ppm	20 ppm	reverse phase liquid chromatography	peptide pull-down coupled with mass spectrometry proteomics	not applicable	peptide matrix pull-down	not available	not available	TCEP	chloroacetamide	v1.1.0	NT=ms-proteomics;VV=v1.1.0	NT=crosslinking;VV=v1.0.0	NT=human;VV=v1.1.0
C/EBPa peptide matrix	homo sapiens	not applicable	not applicable	not applicable	not available	not applicable	1	synthetic	reference	peptide pull-down	not available	not available	not available	Gladys_20170203_ER_PRISMA_spot161	proteomic profiling by mass spectrometry	Gladys_20170203_ER_PRISMA_spot161.raw	1	33	AC=MS:1002038;NT=label free sample	NT=Q Exactive Plus;AC=MS:1002634	NT=Data-dependent acquisition;AC=PRIDE:0000449	NT=Trypsin;AC=MS:1001251	NT=Lys-C;AC=MS:1001309	NT=Carbamidomethyl;AC=UNIMOD:4;TA=C;MT=Fixed	NT=Oxidation;AC=UNIMOD:35;TA=M;MT=Variable	NT=HCD;AC=PRIDE:0000590	26% NCE	6 ppm	20 ppm	reverse phase liquid chromatography	peptide pull-down coupled with mass spectrometry proteomics	not applicable	peptide matrix pull-down	not available	not available	TCEP	chloroacetamide	v1.1.0	NT=ms-proteomics;VV=v1.1.0	NT=crosslinking;VV=v1.0.0	NT=human;VV=v1.1.0
C/EBPa peptide matrix	homo sapiens	not applicable	not applicable	not applicable	not available	not applicable	1	synthetic	reference	peptide pull-down	not available	not available	not available	Gladys_20170203_ER_PRISMA_spot164	proteomic profiling by mass spectrometry	Gladys_20170203_ER_PRISMA_spot164.raw	1	34	AC=MS:1002038;NT=label free sample	NT=Q Exactive Plus;AC=MS:1002634	NT=Data-dependent acquisition;AC=PRIDE:0000449	NT=Trypsin;AC=MS:1001251	NT=Lys-C;AC=MS:1001309	NT=Carbamidomethyl;AC=UNIMOD:4;TA=C;MT=Fixed	NT=Oxidation;AC=UNIMOD:35;TA=M;MT=Variable	NT=HCD;AC=PRIDE:0000590	26% NCE	6 ppm	20 ppm	reverse phase liquid chromatography	peptide pull-down coupled with mass spectrometry proteomics	not applicable	peptide matrix pull-down	not available	not available	TCEP	chloroacetamide	v1.1.0	NT=ms-proteomics;VV=v1.1.0	NT=crosslinking;VV=v1.0.0	NT=human;VV=v1.1.0
C/EBPa peptide matrix	homo sapiens	not applicable	not applicable	not applicable	not available	not applicable	1	synthetic	reference	peptide pull-down	not available	not available	not available	Gladys_20170203_ER_PRISMA_spot176	proteomic profiling by mass spectrometry	Gladys_20170203_ER_PRISMA_spot176.raw	1	35	AC=MS:1002038;NT=label free sample	NT=Q Exactive Plus;AC=MS:1002634	NT=Data-dependent acquisition;AC=PRIDE:0000449	NT=Trypsin;AC=MS:1001251	NT=Lys-C;AC=MS:1001309	NT=Carbamidomethyl;AC=UNIMOD:4;TA=C;MT=Fixed	NT=Oxidation;AC=UNIMOD:35;TA=M;MT=Variable	NT=HCD;AC=PRIDE:0000590	26% NCE	6 ppm	20 ppm	reverse phase liquid chromatography	peptide pull-down coupled with mass spectrometry proteomics	not applicable	peptide matrix pull-down	not available	not available	TCEP	chloroacetamide	v1.1.0	NT=ms-proteomics;VV=v1.1.0	NT=crosslinking;VV=v1.0.0	NT=human;VV=v1.1.0
C/EBPa peptide matrix	homo sapiens	not applicable	not applicable	not applicable	not available	not applicable	1	synthetic	reference	peptide pull-down	not available	not available	not available	Gladys_20170203_ER_PRISMA_spot180	proteomic profiling by mass spectrometry	Gladys_20170203_ER_PRISMA_spot180.raw	1	36	AC=MS:1002038;NT=label free sample	NT=Q Exactive Plus;AC=MS:1002634	NT=Data-dependent acquisition;AC=PRIDE:0000449	NT=Trypsin;AC=MS:1001251	NT=Lys-C;AC=MS:1001309	NT=Carbamidomethyl;AC=UNIMOD:4;TA=C;MT=Fixed	NT=Oxidation;AC=UNIMOD:35;TA=M;MT=Variable	NT=HCD;AC=PRIDE:0000590	26% NCE	6 ppm	20 ppm	reverse phase liquid chromatography	peptide pull-down coupled with mass spectrometry proteomics	not applicable	peptide matrix pull-down	not available	not available	TCEP	chloroacetamide	v1.1.0	NT=ms-proteomics;VV=v1.1.0	NT=crosslinking;VV=v1.0.0	NT=human;VV=v1.1.0
C/EBPa peptide matrix	homo sapiens	not applicable	not applicable	not applicable	not available	not applicable	1	synthetic	reference	peptide pull-down	not available	not available	not available	Gladys_20170203_ER_PRISMA_spot195	proteomic profiling by mass spectrometry	Gladys_20170203_ER_PRISMA_spot195.raw	1	37	AC=MS:1002038;NT=label free sample	NT=Q Exactive Plus;AC=MS:1002634	NT=Data-dependent acquisition;AC=PRIDE:0000449	NT=Trypsin;AC=MS:1001251	NT=Lys-C;AC=MS:1001309	NT=Carbamidomethyl;AC=UNIMOD:4;TA=C;MT=Fixed	NT=Oxidation;AC=UNIMOD:35;TA=M;MT=Variable	NT=HCD;AC=PRIDE:0000590	26% NCE	6 ppm	20 ppm	reverse phase liquid chromatography	peptide pull-down coupled with mass spectrometry proteomics	not applicable	peptide matrix pull-down	not available	not available	TCEP	chloroacetamide	v1.1.0	NT=ms-proteomics;VV=v1.1.0	NT=crosslinking;VV=v1.0.0	NT=human;VV=v1.1.0
C/EBPa peptide matrix	homo sapiens	not applicable	not applicable	not applicable	not available	not applicable	1	synthetic	reference	peptide pull-down	not available	not available	not available	Gladys_20170203_ER_PRISMA_spot198	proteomic profiling by mass spectrometry	Gladys_20170203_ER_PRISMA_spot198.raw	1	38	AC=MS:1002038;NT=label free sample	NT=Q Exactive Plus;AC=MS:1002634	NT=Data-dependent acquisition;AC=PRIDE:0000449	NT=Trypsin;AC=MS:1001251	NT=Lys-C;AC=MS:1001309	NT=Carbamidomethyl;AC=UNIMOD:4;TA=C;MT=Fixed	NT=Oxidation;AC=UNIMOD:35;TA=M;MT=Variable	NT=HCD;AC=PRIDE:0000590	26% NCE	6 ppm	20 ppm	reverse phase liquid chromatography	peptide pull-down coupled with mass spectrometry proteomics	not applicable	peptide matrix pull-down	not available	not available	TCEP	chloroacetamide	v1.1.0	NT=ms-proteomics;VV=v1.1.0	NT=crosslinking;VV=v1.0.0	NT=human;VV=v1.1.0
C/EBPa peptide matrix	homo sapiens	not applicable	not applicable	not applicable	not available	not applicable	1	synthetic	reference	peptide pull-down	not available	not available	not available	Gladys_20170203_ER_PRISMA_spot199	proteomic profiling by mass spectrometry	Gladys_20170203_ER_PRISMA_spot199.raw	1	39	AC=MS:1002038;NT=label free sample	NT=Q Exactive Plus;AC=MS:1002634	NT=Data-dependent acquisition;AC=PRIDE:0000449	NT=Trypsin;AC=MS:1001251	NT=Lys-C;AC=MS:1001309	NT=Carbamidomethyl;AC=UNIMOD:4;TA=C;MT=Fixed	NT=Oxidation;AC=UNIMOD:35;TA=M;MT=Variable	NT=HCD;AC=PRIDE:0000590	26% NCE	6 ppm	20 ppm	reverse phase liquid chromatography	peptide pull-down coupled with mass spectrometry proteomics	not applicable	peptide matrix pull-down	not available	not available	TCEP	chloroacetamide	v1.1.0	NT=ms-proteomics;VV=v1.1.0	NT=crosslinking;VV=v1.0.0	NT=human;VV=v1.1.0
C/EBPa peptide matrix	homo sapiens	not applicable	not applicable	not applicable	not available	not applicable	1	synthetic	reference	peptide pull-down	not available	not available	not available	Gladys_20170203_ER_PRISMA_spot200	proteomic profiling by mass spectrometry	Gladys_20170203_ER_PRISMA_spot200.raw	1	40	AC=MS:1002038;NT=label free sample	NT=Q Exactive Plus;AC=MS:1002634	NT=Data-dependent acquisition;AC=PRIDE:0000449	NT=Trypsin;AC=MS:1001251	NT=Lys-C;AC=MS:1001309	NT=Carbamidomethyl;AC=UNIMOD:4;TA=C;MT=Fixed	NT=Oxidation;AC=UNIMOD:35;TA=M;MT=Variable	NT=HCD;AC=PRIDE:0000590	26% NCE	6 ppm	20 ppm	reverse phase liquid chromatography	peptide pull-down coupled with mass spectrometry proteomics	not applicable	peptide matrix pull-down	not available	not available	TCEP	chloroacetamide	v1.1.0	NT=ms-proteomics;VV=v1.1.0	NT=crosslinking;VV=v1.0.0	NT=human;VV=v1.1.0
C/EBPa peptide matrix	homo sapiens	not applicable	not applicable	not applicable	not available	not applicable	1	synthetic	reference	peptide pull-down	not available	not available	not available	Gladys_20170206_ER_PRISMA_spot211	proteomic profiling by mass spectrometry	Gladys_20170206_ER_PRISMA_spot211.raw	1	41	AC=MS:1002038;NT=label free sample	NT=Q Exactive Plus;AC=MS:1002634	NT=Data-dependent acquisition;AC=PRIDE:0000449	NT=Trypsin;AC=MS:1001251	NT=Lys-C;AC=MS:1001309	NT=Carbamidomethyl;AC=UNIMOD:4;TA=C;MT=Fixed	NT=Oxidation;AC=UNIMOD:35;TA=M;MT=Variable	NT=HCD;AC=PRIDE:0000590	26% NCE	6 ppm	20 ppm	reverse phase liquid chromatography	peptide pull-down coupled with mass spectrometry proteomics	not applicable	peptide matrix pull-down	not available	not available	TCEP	chloroacetamide	v1.1.0	NT=ms-proteomics;VV=v1.1.0	NT=crosslinking;VV=v1.0.0	NT=human;VV=v1.1.0
C/EBPa peptide matrix	homo sapiens	not applicable	not applicable	not applicable	not available	not applicable	1	synthetic	reference	peptide pull-down	not available	not available	not available	Gladys_20170206_ER_PRISMA_spot215	proteomic profiling by mass spectrometry	Gladys_20170206_ER_PRISMA_spot215.raw	1	42	AC=MS:1002038;NT=label free sample	NT=Q Exactive Plus;AC=MS:1002634	NT=Data-dependent acquisition;AC=PRIDE:0000449	NT=Trypsin;AC=MS:1001251	NT=Lys-C;AC=MS:1001309	NT=Carbamidomethyl;AC=UNIMOD:4;TA=C;MT=Fixed	NT=Oxidation;AC=UNIMOD:35;TA=M;MT=Variable	NT=HCD;AC=PRIDE:0000590	26% NCE	6 ppm	20 ppm	reverse phase liquid chromatography	peptide pull-down coupled with mass spectrometry proteomics	not applicable	peptide matrix pull-down	not available	not available	TCEP	chloroacetamide	v1.1.0	NT=ms-proteomics;VV=v1.1.0	NT=crosslinking;VV=v1.0.0	NT=human;VV=v1.1.0
C/EBPa peptide matrix	homo sapiens	not applicable	not applicable	not applicable	not available	not applicable	1	synthetic	reference	peptide pull-down	not available	not available	not available	Gladys_20170206_ER_PRISMA_spot217	proteomic profiling by mass spectrometry	Gladys_20170206_ER_PRISMA_spot217.raw	1	43	AC=MS:1002038;NT=label free sample	NT=Q Exactive Plus;AC=MS:1002634	NT=Data-dependent acquisition;AC=PRIDE:0000449	NT=Trypsin;AC=MS:1001251	NT=Lys-C;AC=MS:1001309	NT=Carbamidomethyl;AC=UNIMOD:4;TA=C;MT=Fixed	NT=Oxidation;AC=UNIMOD:35;TA=M;MT=Variable	NT=HCD;AC=PRIDE:0000590	26% NCE	6 ppm	20 ppm	reverse phase liquid chromatography	peptide pull-down coupled with mass spectrometry proteomics	not applicable	peptide matrix pull-down	not available	not available	TCEP	chloroacetamide	v1.1.0	NT=ms-proteomics;VV=v1.1.0	NT=crosslinking;VV=v1.0.0	NT=human;VV=v1.1.0
C/EBPa peptide matrix	homo sapiens	not applicable	not applicable	not applicable	not available	not applicable	1	synthetic	reference	peptide pull-down	not available	not available	not available	Gladys_20170206_ER_PRISMA_spot220	proteomic profiling by mass spectrometry	Gladys_20170206_ER_PRISMA_spot220.raw	1	44	AC=MS:1002038;NT=label free sample	NT=Q Exactive Plus;AC=MS:1002634	NT=Data-dependent acquisition;AC=PRIDE:0000449	NT=Trypsin;AC=MS:1001251	NT=Lys-C;AC=MS:1001309	NT=Carbamidomethyl;AC=UNIMOD:4;TA=C;MT=Fixed	NT=Oxidation;AC=UNIMOD:35;TA=M;MT=Variable	NT=HCD;AC=PRIDE:0000590	26% NCE	6 ppm	20 ppm	reverse phase liquid chromatography	peptide pull-down coupled with mass spectrometry proteomics	not applicable	peptide matrix pull-down	not available	not available	TCEP	chloroacetamide	v1.1.0	NT=ms-proteomics;VV=v1.1.0	NT=crosslinking;VV=v1.0.0	NT=human;VV=v1.1.0
C/EBPa peptide matrix	homo sapiens	not applicable	not applicable	not applicable	not available	not applicable	1	synthetic	reference	peptide pull-down	not available	not available	not available	Gladys_20170206_ER_PRISMA_spot223	proteomic profiling by mass spectrometry	Gladys_20170206_ER_PRISMA_spot223.raw	1	45	AC=MS:1002038;NT=label free sample	NT=Q Exactive Plus;AC=MS:1002634	NT=Data-dependent acquisition;AC=PRIDE:0000449	NT=Trypsin;AC=MS:1001251	NT=Lys-C;AC=MS:1001309	NT=Carbamidomethyl;AC=UNIMOD:4;TA=C;MT=Fixed	NT=Oxidation;AC=UNIMOD:35;TA=M;MT=Variable	NT=HCD;AC=PRIDE:0000590	26% NCE	6 ppm	20 ppm	reverse phase liquid chromatography	peptide pull-down coupled with mass spectrometry proteomics	not applicable	peptide matrix pull-down	not available	not available	TCEP	chloroacetamide	v1.1.0	NT=ms-proteomics;VV=v1.1.0	NT=crosslinking;VV=v1.0.0	NT=human;VV=v1.1.0
C/EBPa peptide matrix	homo sapiens	not applicable	not applicable	not applicable	not available	not applicable	1	synthetic	reference	peptide pull-down	not available	not available	not available	Gladys_20170207_ER_PRISMA_spot242	proteomic profiling by mass spectrometry	Gladys_20170207_ER_PRISMA_spot242.raw	1	46	AC=MS:1002038;NT=label free sample	NT=Q Exactive Plus;AC=MS:1002634	NT=Data-dependent acquisition;AC=PRIDE:0000449	NT=Trypsin;AC=MS:1001251	NT=Lys-C;AC=MS:1001309	NT=Carbamidomethyl;AC=UNIMOD:4;TA=C;MT=Fixed	NT=Oxidation;AC=UNIMOD:35;TA=M;MT=Variable	NT=HCD;AC=PRIDE:0000590	26% NCE	6 ppm	20 ppm	reverse phase liquid chromatography	peptide pull-down coupled with mass spectrometry proteomics	not applicable	peptide matrix pull-down	not available	not available	TCEP	chloroacetamide	v1.1.0	NT=ms-proteomics;VV=v1.1.0	NT=crosslinking;VV=v1.0.0	NT=human;VV=v1.1.0
C/EBPa peptide matrix	homo sapiens	not applicable	not applicable	not applicable	not available	not applicable	1	synthetic	reference	peptide pull-down	not available	not available	not available	Gladys_20170207_ER_PRISMA_spot248	proteomic profiling by mass spectrometry	Gladys_20170207_ER_PRISMA_spot248.raw	1	47	AC=MS:1002038;NT=label free sample	NT=Q Exactive Plus;AC=MS:1002634	NT=Data-dependent acquisition;AC=PRIDE:0000449	NT=Trypsin;AC=MS:1001251	NT=Lys-C;AC=MS:1001309	NT=Carbamidomethyl;AC=UNIMOD:4;TA=C;MT=Fixed	NT=Oxidation;AC=UNIMOD:35;TA=M;MT=Variable	NT=HCD;AC=PRIDE:0000590	26% NCE	6 ppm	20 ppm	reverse phase liquid chromatography	peptide pull-down coupled with mass spectrometry proteomics	not applicable	peptide matrix pull-down	not available	not available	TCEP	chloroacetamide	v1.1.0	NT=ms-proteomics;VV=v1.1.0	NT=crosslinking;VV=v1.0.0	NT=human;VV=v1.1.0
C/EBPa peptide matrix	homo sapiens	not applicable	not applicable	not applicable	not available	not applicable	1	synthetic	reference	peptide pull-down	not available	not available	not available	Gladys_20170207_ER_PRISMA_spot251	proteomic profiling by mass spectrometry	Gladys_20170207_ER_PRISMA_spot251.raw	1	48	AC=MS:1002038;NT=label free sample	NT=Q Exactive Plus;AC=MS:1002634	NT=Data-dependent acquisition;AC=PRIDE:0000449	NT=Trypsin;AC=MS:1001251	NT=Lys-C;AC=MS:1001309	NT=Carbamidomethyl;AC=UNIMOD:4;TA=C;MT=Fixed	NT=Oxidation;AC=UNIMOD:35;TA=M;MT=Variable	NT=HCD;AC=PRIDE:0000590	26% NCE	6 ppm	20 ppm	reverse phase liquid chromatography	peptide pull-down coupled with mass spectrometry proteomics	not applicable	peptide matrix pull-down	not available	not available	TCEP	chloroacetamide	v1.1.0	NT=ms-proteomics;VV=v1.1.0	NT=crosslinking;VV=v1.0.0	NT=human;VV=v1.1.0
C/EBPa peptide matrix	homo sapiens	not applicable	not applicable	not applicable	not available	not applicable	1	synthetic	reference	peptide pull-down	not available	not available	not available	Gladys_20170209_ER_PRISMA_spot285	proteomic profiling by mass spectrometry	Gladys_20170209_ER_PRISMA_spot285.raw	1	49	AC=MS:1002038;NT=label free sample	NT=Q Exactive Plus;AC=MS:1002634	NT=Data-dependent acquisition;AC=PRIDE:0000449	NT=Trypsin;AC=MS:1001251	NT=Lys-C;AC=MS:1001309	NT=Carbamidomethyl;AC=UNIMOD:4;TA=C;MT=Fixed	NT=Oxidation;AC=UNIMOD:35;TA=M;MT=Variable	NT=HCD;AC=PRIDE:0000590	26% NCE	6 ppm	20 ppm	reverse phase liquid chromatography	peptide pull-down coupled with mass spectrometry proteomics	not applicable	peptide matrix pull-down	not available	not available	TCEP	chloroacetamide	v1.1.0	NT=ms-proteomics;VV=v1.1.0	NT=crosslinking;VV=v1.0.0	NT=human;VV=v1.1.0
C/EBPa peptide matrix	homo sapiens	not applicable	not applicable	not applicable	not available	not applicable	1	synthetic	reference	peptide pull-down	not available	not available	not available	Gladys_20170210_ER_PRISMA_spot289	proteomic profiling by mass spectrometry	Gladys_20170210_ER_PRISMA_spot289.raw	1	50	AC=MS:1002038;NT=label free sample	NT=Q Exactive Plus;AC=MS:1002634	NT=Data-dependent acquisition;AC=PRIDE:0000449	NT=Trypsin;AC=MS:1001251	NT=Lys-C;AC=MS:1001309	NT=Carbamidomethyl;AC=UNIMOD:4;TA=C;MT=Fixed	NT=Oxidation;AC=UNIMOD:35;TA=M;MT=Variable	NT=HCD;AC=PRIDE:0000590	26% NCE	6 ppm	20 ppm	reverse phase liquid chromatography	peptide pull-down coupled with mass spectrometry proteomics	not applicable	peptide matrix pull-down	not available	not available	TCEP	chloroacetamide	v1.1.0	NT=ms-proteomics;VV=v1.1.0	NT=crosslinking;VV=v1.0.0	NT=human;VV=v1.1.0
C/EBPa peptide matrix	homo sapiens	not applicable	not applicable	not applicable	not available	not applicable	1	synthetic	reference	peptide pull-down	not available	not available	not available	Gladys_20170210_ER_PRISMA_spot299	proteomic profiling by mass spectrometry	Gladys_20170210_ER_PRISMA_spot299.raw	1	51	AC=MS:1002038;NT=label free sample	NT=Q Exactive Plus;AC=MS:1002634	NT=Data-dependent acquisition;AC=PRIDE:0000449	NT=Trypsin;AC=MS:1001251	NT=Lys-C;AC=MS:1001309	NT=Carbamidomethyl;AC=UNIMOD:4;TA=C;MT=Fixed	NT=Oxidation;AC=UNIMOD:35;TA=M;MT=Variable	NT=HCD;AC=PRIDE:0000590	26% NCE	6 ppm	20 ppm	reverse phase liquid chromatography	peptide pull-down coupled with mass spectrometry proteomics	not applicable	peptide matrix pull-down	not available	not available	TCEP	chloroacetamide	v1.1.0	NT=ms-proteomics;VV=v1.1.0	NT=crosslinking;VV=v1.0.0	NT=human;VV=v1.1.0
C/EBPa peptide matrix	homo sapiens	not applicable	not applicable	not applicable	not available	not applicable	1	synthetic	reference	peptide pull-down	not available	not available	not available	Gladys_20170210_ER_PRISMA_spot305	proteomic profiling by mass spectrometry	Gladys_20170210_ER_PRISMA_spot305.raw	1	52	AC=MS:1002038;NT=label free sample	NT=Q Exactive Plus;AC=MS:1002634	NT=Data-dependent acquisition;AC=PRIDE:0000449	NT=Trypsin;AC=MS:1001251	NT=Lys-C;AC=MS:1001309	NT=Carbamidomethyl;AC=UNIMOD:4;TA=C;MT=Fixed	NT=Oxidation;AC=UNIMOD:35;TA=M;MT=Variable	NT=HCD;AC=PRIDE:0000590	26% NCE	6 ppm	20 ppm	reverse phase liquid chromatography	peptide pull-down coupled with mass spectrometry proteomics	not applicable	peptide matrix pull-down	not available	not available	TCEP	chloroacetamide	v1.1.0	NT=ms-proteomics;VV=v1.1.0	NT=crosslinking;VV=v1.0.0	NT=human;VV=v1.1.0
C/EBPa peptide matrix	homo sapiens	not applicable	not applicable	not applicable	not available	not applicable	1	synthetic	reference	peptide pull-down	not available	not available	not available	Gladys_20170210_ER_PRISMA_spot306	proteomic profiling by mass spectrometry	Gladys_20170210_ER_PRISMA_spot306.raw	1	53	AC=MS:1002038;NT=label free sample	NT=Q Exactive Plus;AC=MS:1002634	NT=Data-dependent acquisition;AC=PRIDE:0000449	NT=Trypsin;AC=MS:1001251	NT=Lys-C;AC=MS:1001309	NT=Carbamidomethyl;AC=UNIMOD:4;TA=C;MT=Fixed	NT=Oxidation;AC=UNIMOD:35;TA=M;MT=Variable	NT=HCD;AC=PRIDE:0000590	26% NCE	6 ppm	20 ppm	reverse phase liquid chromatography	peptide pull-down coupled with mass spectrometry proteomics	not applicable	peptide matrix pull-down	not available	not available	TCEP	chloroacetamide	v1.1.0	NT=ms-proteomics;VV=v1.1.0	NT=crosslinking;VV=v1.0.0	NT=human;VV=v1.1.0
C/EBPa peptide matrix	homo sapiens	not applicable	not applicable	not applicable	not available	not applicable	1	synthetic	reference	peptide pull-down	not available	not available	not available	Gladys_20170210_ER_PRISMA_spot308	proteomic profiling by mass spectrometry	Gladys_20170210_ER_PRISMA_spot308.raw	1	54	AC=MS:1002038;NT=label free sample	NT=Q Exactive Plus;AC=MS:1002634	NT=Data-dependent acquisition;AC=PRIDE:0000449	NT=Trypsin;AC=MS:1001251	NT=Lys-C;AC=MS:1001309	NT=Carbamidomethyl;AC=UNIMOD:4;TA=C;MT=Fixed	NT=Oxidation;AC=UNIMOD:35;TA=M;MT=Variable	NT=HCD;AC=PRIDE:0000590	26% NCE	6 ppm	20 ppm	reverse phase liquid chromatography	peptide pull-down coupled with mass spectrometry proteomics	not applicable	peptide matrix pull-down	not available	not available	TCEP	chloroacetamide	v1.1.0	NT=ms-proteomics;VV=v1.1.0	NT=crosslinking;VV=v1.0.0	NT=human;VV=v1.1.0
C/EBPa peptide matrix	homo sapiens	not applicable	not applicable	not applicable	not available	not applicable	1	synthetic	reference	peptide pull-down	not available	not available	not available	Gladys_20170210_ER_PRISMA_spot319	proteomic profiling by mass spectrometry	Gladys_20170210_ER_PRISMA_spot319.raw	1	55	AC=MS:1002038;NT=label free sample	NT=Q Exactive Plus;AC=MS:1002634	NT=Data-dependent acquisition;AC=PRIDE:0000449	NT=Trypsin;AC=MS:1001251	NT=Lys-C;AC=MS:1001309	NT=Carbamidomethyl;AC=UNIMOD:4;TA=C;MT=Fixed	NT=Oxidation;AC=UNIMOD:35;TA=M;MT=Variable	NT=HCD;AC=PRIDE:0000590	26% NCE	6 ppm	20 ppm	reverse phase liquid chromatography	peptide pull-down coupled with mass spectrometry proteomics	not applicable	peptide matrix pull-down	not available	not available	TCEP	chloroacetamide	v1.1.0	NT=ms-proteomics;VV=v1.1.0	NT=crosslinking;VV=v1.0.0	NT=human;VV=v1.1.0
C/EBPa peptide matrix	homo sapiens	not applicable	not applicable	not applicable	not available	not applicable	1	synthetic	reference	peptide pull-down	not available	not available	not available	Gladys_20170210_ER_PRISMA_spot321	proteomic profiling by mass spectrometry	Gladys_20170210_ER_PRISMA_spot321.raw	1	56	AC=MS:1002038;NT=label free sample	NT=Q Exactive Plus;AC=MS:1002634	NT=Data-dependent acquisition;AC=PRIDE:0000449	NT=Trypsin;AC=MS:1001251	NT=Lys-C;AC=MS:1001309	NT=Carbamidomethyl;AC=UNIMOD:4;TA=C;MT=Fixed	NT=Oxidation;AC=UNIMOD:35;TA=M;MT=Variable	NT=HCD;AC=PRIDE:0000590	26% NCE	6 ppm	20 ppm	reverse phase liquid chromatography	peptide pull-down coupled with mass spectrometry proteomics	not applicable	peptide matrix pull-down	not available	not available	TCEP	chloroacetamide	v1.1.0	NT=ms-proteomics;VV=v1.1.0	NT=crosslinking;VV=v1.0.0	NT=human;VV=v1.1.0
C/EBPa peptide matrix	homo sapiens	not applicable	not applicable	not applicable	not available	not applicable	1	synthetic	reference	peptide pull-down	not available	not available	not available	Gladys_20170210_ER_PRISMA_spot335	proteomic profiling by mass spectrometry	Gladys_20170210_ER_PRISMA_spot335.raw	1	57	AC=MS:1002038;NT=label free sample	NT=Q Exactive Plus;AC=MS:1002634	NT=Data-dependent acquisition;AC=PRIDE:0000449	NT=Trypsin;AC=MS:1001251	NT=Lys-C;AC=MS:1001309	NT=Carbamidomethyl;AC=UNIMOD:4;TA=C;MT=Fixed	NT=Oxidation;AC=UNIMOD:35;TA=M;MT=Variable	NT=HCD;AC=PRIDE:0000590	26% NCE	6 ppm	20 ppm	reverse phase liquid chromatography	peptide pull-down coupled with mass spectrometry proteomics	not applicable	peptide matrix pull-down	not available	not available	TCEP	chloroacetamide	v1.1.0	NT=ms-proteomics;VV=v1.1.0	NT=crosslinking;VV=v1.0.0	NT=human;VV=v1.1.0
C/EBPa peptide matrix	homo sapiens	not applicable	not applicable	not applicable	not available	not applicable	1	synthetic	reference	peptide pull-down	not available	not available	not available	Gladys_20170213_ER_PRISMA_spot343_170214002850	proteomic profiling by mass spectrometry	Gladys_20170213_ER_PRISMA_spot343_170214002850.raw	1	58	AC=MS:1002038;NT=label free sample	NT=Q Exactive Plus;AC=MS:1002634	NT=Data-dependent acquisition;AC=PRIDE:0000449	NT=Trypsin;AC=MS:1001251	NT=Lys-C;AC=MS:1001309	NT=Carbamidomethyl;AC=UNIMOD:4;TA=C;MT=Fixed	NT=Oxidation;AC=UNIMOD:35;TA=M;MT=Variable	NT=HCD;AC=PRIDE:0000590	26% NCE	6 ppm	20 ppm	reverse phase liquid chromatography	peptide pull-down coupled with mass spectrometry proteomics	not applicable	peptide matrix pull-down	not available	not available	TCEP	chloroacetamide	v1.1.0	NT=ms-proteomics;VV=v1.1.0	NT=crosslinking;VV=v1.0.0	NT=human;VV=v1.1.0
C/EBPa peptide matrix	homo sapiens	not applicable	not applicable	not applicable	not available	not applicable	1	synthetic	reference	peptide pull-down	not available	not available	not available	Gladys_20170213_ER_PRISMA_spot346	proteomic profiling by mass spectrometry	Gladys_20170213_ER_PRISMA_spot346.raw	1	59	AC=MS:1002038;NT=label free sample	NT=Q Exactive Plus;AC=MS:1002634	NT=Data-dependent acquisition;AC=PRIDE:0000449	NT=Trypsin;AC=MS:1001251	NT=Lys-C;AC=MS:1001309	NT=Carbamidomethyl;AC=UNIMOD:4;TA=C;MT=Fixed	NT=Oxidation;AC=UNIMOD:35;TA=M;MT=Variable	NT=HCD;AC=PRIDE:0000590	26% NCE	6 ppm	20 ppm	reverse phase liquid chromatography	peptide pull-down coupled with mass spectrometry proteomics	not applicable	peptide matrix pull-down	not available	not available	TCEP	chloroacetamide	v1.1.0	NT=ms-proteomics;VV=v1.1.0	NT=crosslinking;VV=v1.0.0	NT=human;VV=v1.1.0
C/EBPa peptide matrix	homo sapiens	not applicable	not applicable	not applicable	not available	not applicable	1	synthetic	reference	peptide pull-down	not available	not available	not available	Gladys_20170213_ER_PRISMA_spot354	proteomic profiling by mass spectrometry	Gladys_20170213_ER_PRISMA_spot354.raw	1	60	AC=MS:1002038;NT=label free sample	NT=Q Exactive Plus;AC=MS:1002634	NT=Data-dependent acquisition;AC=PRIDE:0000449	NT=Trypsin;AC=MS:1001251	NT=Lys-C;AC=MS:1001309	NT=Carbamidomethyl;AC=UNIMOD:4;TA=C;MT=Fixed	NT=Oxidation;AC=UNIMOD:35;TA=M;MT=Variable	NT=HCD;AC=PRIDE:0000590	26% NCE	6 ppm	20 ppm	reverse phase liquid chromatography	peptide pull-down coupled with mass spectrometry proteomics	not applicable	peptide matrix pull-down	not available	not available	TCEP	chloroacetamide	v1.1.0	NT=ms-proteomics;VV=v1.1.0	NT=crosslinking;VV=v1.0.0	NT=human;VV=v1.1.0
C/EBPa peptide matrix	homo sapiens	not applicable	not applicable	not applicable	not available	not applicable	1	synthetic	reference	peptide pull-down	not available	not available	not available	Gladys_20170213_ER_PRISMA_spot357	proteomic profiling by mass spectrometry	Gladys_20170213_ER_PRISMA_spot357.raw	1	61	AC=MS:1002038;NT=label free sample	NT=Q Exactive Plus;AC=MS:1002634	NT=Data-dependent acquisition;AC=PRIDE:0000449	NT=Trypsin;AC=MS:1001251	NT=Lys-C;AC=MS:1001309	NT=Carbamidomethyl;AC=UNIMOD:4;TA=C;MT=Fixed	NT=Oxidation;AC=UNIMOD:35;TA=M;MT=Variable	NT=HCD;AC=PRIDE:0000590	26% NCE	6 ppm	20 ppm	reverse phase liquid chromatography	peptide pull-down coupled with mass spectrometry proteomics	not applicable	peptide matrix pull-down	not available	not available	TCEP	chloroacetamide	v1.1.0	NT=ms-proteomics;VV=v1.1.0	NT=crosslinking;VV=v1.0.0	NT=human;VV=v1.1.0
C/EBPa peptide matrix	homo sapiens	not applicable	not applicable	not applicable	not available	not applicable	1	synthetic	reference	peptide pull-down	not available	not available	not available	Gladys_20170213_ER_PRISMA_spot358	proteomic profiling by mass spectrometry	Gladys_20170213_ER_PRISMA_spot358.raw	1	62	AC=MS:1002038;NT=label free sample	NT=Q Exactive Plus;AC=MS:1002634	NT=Data-dependent acquisition;AC=PRIDE:0000449	NT=Trypsin;AC=MS:1001251	NT=Lys-C;AC=MS:1001309	NT=Carbamidomethyl;AC=UNIMOD:4;TA=C;MT=Fixed	NT=Oxidation;AC=UNIMOD:35;TA=M;MT=Variable	NT=HCD;AC=PRIDE:0000590	26% NCE	6 ppm	20 ppm	reverse phase liquid chromatography	peptide pull-down coupled with mass spectrometry proteomics	not applicable	peptide matrix pull-down	not available	not available	TCEP	chloroacetamide	v1.1.0	NT=ms-proteomics;VV=v1.1.0	NT=crosslinking;VV=v1.0.0	NT=human;VV=v1.1.0
C/EBPa peptide matrix	homo sapiens	not applicable	not applicable	not applicable	not available	not applicable	1	synthetic	reference	peptide pull-down	not available	not available	not available	Gladys_20170213_ER_PRISMA_spot364	proteomic profiling by mass spectrometry	Gladys_20170213_ER_PRISMA_spot364.raw	1	63	AC=MS:1002038;NT=label free sample	NT=Q Exactive Plus;AC=MS:1002634	NT=Data-dependent acquisition;AC=PRIDE:0000449	NT=Trypsin;AC=MS:1001251	NT=Lys-C;AC=MS:1001309	NT=Carbamidomethyl;AC=UNIMOD:4;TA=C;MT=Fixed	NT=Oxidation;AC=UNIMOD:35;TA=M;MT=Variable	NT=HCD;AC=PRIDE:0000590	26% NCE	6 ppm	20 ppm	reverse phase liquid chromatography	peptide pull-down coupled with mass spectrometry proteomics	not applicable	peptide matrix pull-down	not available	not available	TCEP	chloroacetamide	v1.1.0	NT=ms-proteomics;VV=v1.1.0	NT=crosslinking;VV=v1.0.0	NT=human;VV=v1.1.0
C/EBPa peptide matrix	homo sapiens	not applicable	not applicable	not applicable	not available	not applicable	1	synthetic	reference	peptide pull-down	not available	not available	not available	Gladys_20170213_ER_PRISMA_spot368	proteomic profiling by mass spectrometry	Gladys_20170213_ER_PRISMA_spot368.raw	1	64	AC=MS:1002038;NT=label free sample	NT=Q Exactive Plus;AC=MS:1002634	NT=Data-dependent acquisition;AC=PRIDE:0000449	NT=Trypsin;AC=MS:1001251	NT=Lys-C;AC=MS:1001309	NT=Carbamidomethyl;AC=UNIMOD:4;TA=C;MT=Fixed	NT=Oxidation;AC=UNIMOD:35;TA=M;MT=Variable	NT=HCD;AC=PRIDE:0000590	26% NCE	6 ppm	20 ppm	reverse phase liquid chromatography	peptide pull-down coupled with mass spectrometry proteomics	not applicable	peptide matrix pull-down	not available	not available	TCEP	chloroacetamide	v1.1.0	NT=ms-proteomics;VV=v1.1.0	NT=crosslinking;VV=v1.0.0	NT=human;VV=v1.1.0
C/EBPa peptide matrix	homo sapiens	not applicable	not applicable	not applicable	not available	not applicable	1	synthetic	reference	peptide pull-down	not available	not available	not available	Gladys_20170213_ER_PRISMA_spot372	proteomic profiling by mass spectrometry	Gladys_20170213_ER_PRISMA_spot372.raw	1	65	AC=MS:1002038;NT=label free sample	NT=Q Exactive Plus;AC=MS:1002634	NT=Data-dependent acquisition;AC=PRIDE:0000449	NT=Trypsin;AC=MS:1001251	NT=Lys-C;AC=MS:1001309	NT=Carbamidomethyl;AC=UNIMOD:4;TA=C;MT=Fixed	NT=Oxidation;AC=UNIMOD:35;TA=M;MT=Variable	NT=HCD;AC=PRIDE:0000590	26% NCE	6 ppm	20 ppm	reverse phase liquid chromatography	peptide pull-down coupled with mass spectrometry proteomics	not applicable	peptide matrix pull-down	not available	not available	TCEP	chloroacetamide	v1.1.0	NT=ms-proteomics;VV=v1.1.0	NT=crosslinking;VV=v1.0.0	NT=human;VV=v1.1.0
C/EBPa peptide matrix	homo sapiens	not applicable	not applicable	not applicable	not available	not applicable	1	synthetic	reference	peptide pull-down	not available	not available	not available	Gladys_20170215_ER_PRISMA_spot382	proteomic profiling by mass spectrometry	Gladys_20170215_ER_PRISMA_spot382.raw	1	66	AC=MS:1002038;NT=label free sample	NT=Q Exactive Plus;AC=MS:1002634	NT=Data-dependent acquisition;AC=PRIDE:0000449	NT=Trypsin;AC=MS:1001251	NT=Lys-C;AC=MS:1001309	NT=Carbamidomethyl;AC=UNIMOD:4;TA=C;MT=Fixed	NT=Oxidation;AC=UNIMOD:35;TA=M;MT=Variable	NT=HCD;AC=PRIDE:0000590	26% NCE	6 ppm	20 ppm	reverse phase liquid chromatography	peptide pull-down coupled with mass spectrometry proteomics	not applicable	peptide matrix pull-down	not available	not available	TCEP	chloroacetamide	v1.1.0	NT=ms-proteomics;VV=v1.1.0	NT=crosslinking;VV=v1.0.0	NT=human;VV=v1.1.0
C/EBPa peptide matrix	homo sapiens	not applicable	not applicable	not applicable	not available	not applicable	1	synthetic	reference	peptide pull-down	not available	not available	not available	Gladys_20170215_ER_PRISMA_spot386	proteomic profiling by mass spectrometry	Gladys_20170215_ER_PRISMA_spot386.raw	1	67	AC=MS:1002038;NT=label free sample	NT=Q Exactive Plus;AC=MS:1002634	NT=Data-dependent acquisition;AC=PRIDE:0000449	NT=Trypsin;AC=MS:1001251	NT=Lys-C;AC=MS:1001309	NT=Carbamidomethyl;AC=UNIMOD:4;TA=C;MT=Fixed	NT=Oxidation;AC=UNIMOD:35;TA=M;MT=Variable	NT=HCD;AC=PRIDE:0000590	26% NCE	6 ppm	20 ppm	reverse phase liquid chromatography	peptide pull-down coupled with mass spectrometry proteomics	not applicable	peptide matrix pull-down	not available	not available	TCEP	chloroacetamide	v1.1.0	NT=ms-proteomics;VV=v1.1.0	NT=crosslinking;VV=v1.0.0	NT=human;VV=v1.1.0
C/EBPa peptide matrix	homo sapiens	not applicable	not applicable	not applicable	not available	not applicable	1	synthetic	reference	peptide pull-down	not available	not available	not available	Gladys_20170215_ER_PRISMA_spot391	proteomic profiling by mass spectrometry	Gladys_20170215_ER_PRISMA_spot391.raw	1	68	AC=MS:1002038;NT=label free sample	NT=Q Exactive Plus;AC=MS:1002634	NT=Data-dependent acquisition;AC=PRIDE:0000449	NT=Trypsin;AC=MS:1001251	NT=Lys-C;AC=MS:1001309	NT=Carbamidomethyl;AC=UNIMOD:4;TA=C;MT=Fixed	NT=Oxidation;AC=UNIMOD:35;TA=M;MT=Variable	NT=HCD;AC=PRIDE:0000590	26% NCE	6 ppm	20 ppm	reverse phase liquid chromatography	peptide pull-down coupled with mass spectrometry proteomics	not applicable	peptide matrix pull-down	not available	not available	TCEP	chloroacetamide	v1.1.0	NT=ms-proteomics;VV=v1.1.0	NT=crosslinking;VV=v1.0.0	NT=human;VV=v1.1.0
C/EBPa peptide matrix	homo sapiens	not applicable	not applicable	not applicable	not available	not applicable	1	synthetic	reference	peptide pull-down	not available	not available	not available	Gladys_20170215_ER_PRISMA_spot395	proteomic profiling by mass spectrometry	Gladys_20170215_ER_PRISMA_spot395.raw	1	69	AC=MS:1002038;NT=label free sample	NT=Q Exactive Plus;AC=MS:1002634	NT=Data-dependent acquisition;AC=PRIDE:0000449	NT=Trypsin;AC=MS:1001251	NT=Lys-C;AC=MS:1001309	NT=Carbamidomethyl;AC=UNIMOD:4;TA=C;MT=Fixed	NT=Oxidation;AC=UNIMOD:35;TA=M;MT=Variable	NT=HCD;AC=PRIDE:0000590	26% NCE	6 ppm	20 ppm	reverse phase liquid chromatography	peptide pull-down coupled with mass spectrometry proteomics	not applicable	peptide matrix pull-down	not available	not available	TCEP	chloroacetamide	v1.1.0	NT=ms-proteomics;VV=v1.1.0	NT=crosslinking;VV=v1.0.0	NT=human;VV=v1.1.0
C/EBPa peptide matrix	homo sapiens	not applicable	not applicable	not applicable	not available	not applicable	1	synthetic	reference	peptide pull-down	not available	not available	not available	Gladys_20170215_ER_PRISMA_spot400	proteomic profiling by mass spectrometry	Gladys_20170215_ER_PRISMA_spot400.raw	1	70	AC=MS:1002038;NT=label free sample	NT=Q Exactive Plus;AC=MS:1002634	NT=Data-dependent acquisition;AC=PRIDE:0000449	NT=Trypsin;AC=MS:1001251	NT=Lys-C;AC=MS:1001309	NT=Carbamidomethyl;AC=UNIMOD:4;TA=C;MT=Fixed	NT=Oxidation;AC=UNIMOD:35;TA=M;MT=Variable	NT=HCD;AC=PRIDE:0000590	26% NCE	6 ppm	20 ppm	reverse phase liquid chromatography	peptide pull-down coupled with mass spectrometry proteomics	not applicable	peptide matrix pull-down	not available	not available	TCEP	chloroacetamide	v1.1.0	NT=ms-proteomics;VV=v1.1.0	NT=crosslinking;VV=v1.0.0	NT=human;VV=v1.1.0
C/EBPa peptide matrix	homo sapiens	not applicable	not applicable	not applicable	not available	not applicable	1	synthetic	reference	peptide pull-down	not available	not available	not available	Gladys_20170215_ER_PRISMA_spot402	proteomic profiling by mass spectrometry	Gladys_20170215_ER_PRISMA_spot402.raw	1	71	AC=MS:1002038;NT=label free sample	NT=Q Exactive Plus;AC=MS:1002634	NT=Data-dependent acquisition;AC=PRIDE:0000449	NT=Trypsin;AC=MS:1001251	NT=Lys-C;AC=MS:1001309	NT=Carbamidomethyl;AC=UNIMOD:4;TA=C;MT=Fixed	NT=Oxidation;AC=UNIMOD:35;TA=M;MT=Variable	NT=HCD;AC=PRIDE:0000590	26% NCE	6 ppm	20 ppm	reverse phase liquid chromatography	peptide pull-down coupled with mass spectrometry proteomics	not applicable	peptide matrix pull-down	not available	not available	TCEP	chloroacetamide	v1.1.0	NT=ms-proteomics;VV=v1.1.0	NT=crosslinking;VV=v1.0.0	NT=human;VV=v1.1.0
C/EBPa peptide matrix	homo sapiens	not applicable	not applicable	not applicable	not available	not applicable	1	synthetic	reference	peptide pull-down	not available	not available	not available	Gladys_20170215_ER_PRISMA_spot403	proteomic profiling by mass spectrometry	Gladys_20170215_ER_PRISMA_spot403.raw	1	72	AC=MS:1002038;NT=label free sample	NT=Q Exactive Plus;AC=MS:1002634	NT=Data-dependent acquisition;AC=PRIDE:0000449	NT=Trypsin;AC=MS:1001251	NT=Lys-C;AC=MS:1001309	NT=Carbamidomethyl;AC=UNIMOD:4;TA=C;MT=Fixed	NT=Oxidation;AC=UNIMOD:35;TA=M;MT=Variable	NT=HCD;AC=PRIDE:0000590	26% NCE	6 ppm	20 ppm	reverse phase liquid chromatography	peptide pull-down coupled with mass spectrometry proteomics	not applicable	peptide matrix pull-down	not available	not available	TCEP	chloroacetamide	v1.1.0	NT=ms-proteomics;VV=v1.1.0	NT=crosslinking;VV=v1.0.0	NT=human;VV=v1.1.0
C/EBPa peptide matrix	homo sapiens	not applicable	not applicable	not applicable	not available	not applicable	1	synthetic	reference	peptide pull-down	not available	not available	not available	Gladys_20170217_ER_PRISMA_spot408	proteomic profiling by mass spectrometry	Gladys_20170217_ER_PRISMA_spot408.raw	1	73	AC=MS:1002038;NT=label free sample	NT=Q Exactive Plus;AC=MS:1002634	NT=Data-dependent acquisition;AC=PRIDE:0000449	NT=Trypsin;AC=MS:1001251	NT=Lys-C;AC=MS:1001309	NT=Carbamidomethyl;AC=UNIMOD:4;TA=C;MT=Fixed	NT=Oxidation;AC=UNIMOD:35;TA=M;MT=Variable	NT=HCD;AC=PRIDE:0000590	26% NCE	6 ppm	20 ppm	reverse phase liquid chromatography	peptide pull-down coupled with mass spectrometry proteomics	not applicable	peptide matrix pull-down	not available	not available	TCEP	chloroacetamide	v1.1.0	NT=ms-proteomics;VV=v1.1.0	NT=crosslinking;VV=v1.0.0	NT=human;VV=v1.1.0
C/EBPa peptide matrix	homo sapiens	not applicable	not applicable	not applicable	not available	not applicable	1	synthetic	reference	peptide pull-down	not available	not available	not available	Gladys_20170217_ER_PRISMA_spot416_wh	proteomic profiling by mass spectrometry	Gladys_20170217_ER_PRISMA_spot416_wh.raw	1	74	AC=MS:1002038;NT=label free sample	NT=Q Exactive Plus;AC=MS:1002634	NT=Data-dependent acquisition;AC=PRIDE:0000449	NT=Trypsin;AC=MS:1001251	NT=Lys-C;AC=MS:1001309	NT=Carbamidomethyl;AC=UNIMOD:4;TA=C;MT=Fixed	NT=Oxidation;AC=UNIMOD:35;TA=M;MT=Variable	NT=HCD;AC=PRIDE:0000590	26% NCE	6 ppm	20 ppm	reverse phase liquid chromatography	peptide pull-down coupled with mass spectrometry proteomics	not applicable	peptide matrix pull-down	not available	not available	TCEP	chloroacetamide	v1.1.0	NT=ms-proteomics;VV=v1.1.0	NT=crosslinking;VV=v1.0.0	NT=human;VV=v1.1.0
C/EBPa peptide matrix	homo sapiens	not applicable	not applicable	not applicable	not available	not applicable	1	synthetic	reference	peptide pull-down	not available	not available	not available	Gladys_20170217_ER_PRISMA_spot425_wh	proteomic profiling by mass spectrometry	Gladys_20170217_ER_PRISMA_spot425_wh.raw	1	75	AC=MS:1002038;NT=label free sample	NT=Q Exactive Plus;AC=MS:1002634	NT=Data-dependent acquisition;AC=PRIDE:0000449	NT=Trypsin;AC=MS:1001251	NT=Lys-C;AC=MS:1001309	NT=Carbamidomethyl;AC=UNIMOD:4;TA=C;MT=Fixed	NT=Oxidation;AC=UNIMOD:35;TA=M;MT=Variable	NT=HCD;AC=PRIDE:0000590	26% NCE	6 ppm	20 ppm	reverse phase liquid chromatography	peptide pull-down coupled with mass spectrometry proteomics	not applicable	peptide matrix pull-down	not available	not available	TCEP	chloroacetamide	v1.1.0	NT=ms-proteomics;VV=v1.1.0	NT=crosslinking;VV=v1.0.0	NT=human;VV=v1.1.0
C/EBPa peptide matrix	homo sapiens	not applicable	not applicable	not applicable	not available	not applicable	1	synthetic	reference	peptide pull-down	not available	not available	not available	Gladys_20170217_ER_PRISMA_spot437	proteomic profiling by mass spectrometry	Gladys_20170217_ER_PRISMA_spot437.raw	1	76	AC=MS:1002038;NT=label free sample	NT=Q Exactive Plus;AC=MS:1002634	NT=Data-dependent acquisition;AC=PRIDE:0000449	NT=Trypsin;AC=MS:1001251	NT=Lys-C;AC=MS:1001309	NT=Carbamidomethyl;AC=UNIMOD:4;TA=C;MT=Fixed	NT=Oxidation;AC=UNIMOD:35;TA=M;MT=Variable	NT=HCD;AC=PRIDE:0000590	26% NCE	6 ppm	20 ppm	reverse phase liquid chromatography	peptide pull-down coupled with mass spectrometry proteomics	not applicable	peptide matrix pull-down	not available	not available	TCEP	chloroacetamide	v1.1.0	NT=ms-proteomics;VV=v1.1.0	NT=crosslinking;VV=v1.0.0	NT=human;VV=v1.1.0
C/EBPa peptide matrix	homo sapiens	not applicable	not applicable	not applicable	not available	not applicable	1	synthetic	reference	peptide pull-down	not available	not available	not available	Gladys_20170217_ER_PRISMA_spot442	proteomic profiling by mass spectrometry	Gladys_20170217_ER_PRISMA_spot442.raw	1	77	AC=MS:1002038;NT=label free sample	NT=Q Exactive Plus;AC=MS:1002634	NT=Data-dependent acquisition;AC=PRIDE:0000449	NT=Trypsin;AC=MS:1001251	NT=Lys-C;AC=MS:1001309	NT=Carbamidomethyl;AC=UNIMOD:4;TA=C;MT=Fixed	NT=Oxidation;AC=UNIMOD:35;TA=M;MT=Variable	NT=HCD;AC=PRIDE:0000590	26% NCE	6 ppm	20 ppm	reverse phase liquid chromatography	peptide pull-down coupled with mass spectrometry proteomics	not applicable	peptide matrix pull-down	not available	not available	TCEP	chloroacetamide	v1.1.0	NT=ms-proteomics;VV=v1.1.0	NT=crosslinking;VV=v1.0.0	NT=human;VV=v1.1.0
C/EBPa peptide matrix	homo sapiens	not applicable	not applicable	not applicable	not available	not applicable	1	synthetic	reference	peptide pull-down	not available	not available	not available	Gladys_20170217_ER_PRISMA_spot449_wh	proteomic profiling by mass spectrometry	Gladys_20170217_ER_PRISMA_spot449_wh.raw	1	78	AC=MS:1002038;NT=label free sample	NT=Q Exactive Plus;AC=MS:1002634	NT=Data-dependent acquisition;AC=PRIDE:0000449	NT=Trypsin;AC=MS:1001251	NT=Lys-C;AC=MS:1001309	NT=Carbamidomethyl;AC=UNIMOD:4;TA=C;MT=Fixed	NT=Oxidation;AC=UNIMOD:35;TA=M;MT=Variable	NT=HCD;AC=PRIDE:0000590	26% NCE	6 ppm	20 ppm	reverse phase liquid chromatography	peptide pull-down coupled with mass spectrometry proteomics	not applicable	peptide matrix pull-down	not available	not available	TCEP	chloroacetamide	v1.1.0	NT=ms-proteomics;VV=v1.1.0	NT=crosslinking;VV=v1.0.0	NT=human;VV=v1.1.0
C/EBPa peptide matrix	homo sapiens	not applicable	not applicable	not applicable	not available	not applicable	1	synthetic	reference	peptide pull-down	not available	not available	not available	Gladys_20170217_ER_PRISMA_spot458	proteomic profiling by mass spectrometry	Gladys_20170217_ER_PRISMA_spot458.raw	1	79	AC=MS:1002038;NT=label free sample	NT=Q Exactive Plus;AC=MS:1002634	NT=Data-dependent acquisition;AC=PRIDE:0000449	NT=Trypsin;AC=MS:1001251	NT=Lys-C;AC=MS:1001309	NT=Carbamidomethyl;AC=UNIMOD:4;TA=C;MT=Fixed	NT=Oxidation;AC=UNIMOD:35;TA=M;MT=Variable	NT=HCD;AC=PRIDE:0000590	26% NCE	6 ppm	20 ppm	reverse phase liquid chromatography	peptide pull-down coupled with mass spectrometry proteomics	not applicable	peptide matrix pull-down	not available	not available	TCEP	chloroacetamide	v1.1.0	NT=ms-proteomics;VV=v1.1.0	NT=crosslinking;VV=v1.0.0	NT=human;VV=v1.1.0
C/EBPa peptide matrix	homo sapiens	not applicable	not applicable	not applicable	not available	not applicable	1	synthetic	reference	peptide pull-down	not available	not available	not available	Gladys_20170222_ER_PRISMA_spot466	proteomic profiling by mass spectrometry	Gladys_20170222_ER_PRISMA_spot466.raw	1	80	AC=MS:1002038;NT=label free sample	NT=Q Exactive Plus;AC=MS:1002634	NT=Data-dependent acquisition;AC=PRIDE:0000449	NT=Trypsin;AC=MS:1001251	NT=Lys-C;AC=MS:1001309	NT=Carbamidomethyl;AC=UNIMOD:4;TA=C;MT=Fixed	NT=Oxidation;AC=UNIMOD:35;TA=M;MT=Variable	NT=HCD;AC=PRIDE:0000590	26% NCE	6 ppm	20 ppm	reverse phase liquid chromatography	peptide pull-down coupled with mass spectrometry proteomics	not applicable	peptide matrix pull-down	not available	not available	TCEP	chloroacetamide	v1.1.0	NT=ms-proteomics;VV=v1.1.0	NT=crosslinking;VV=v1.0.0	NT=human;VV=v1.1.0
C/EBPa peptide matrix	homo sapiens	not applicable	not applicable	not applicable	not available	not applicable	1	synthetic	reference	peptide pull-down	not available	not available	not available	Gladys_20170222_ER_PRISMA_spot471	proteomic profiling by mass spectrometry	Gladys_20170222_ER_PRISMA_spot471.raw	1	81	AC=MS:1002038;NT=label free sample	NT=Q Exactive Plus;AC=MS:1002634	NT=Data-dependent acquisition;AC=PRIDE:0000449	NT=Trypsin;AC=MS:1001251	NT=Lys-C;AC=MS:1001309	NT=Carbamidomethyl;AC=UNIMOD:4;TA=C;MT=Fixed	NT=Oxidation;AC=UNIMOD:35;TA=M;MT=Variable	NT=HCD;AC=PRIDE:0000590	26% NCE	6 ppm	20 ppm	reverse phase liquid chromatography	peptide pull-down coupled with mass spectrometry proteomics	not applicable	peptide matrix pull-down	not available	not available	TCEP	chloroacetamide	v1.1.0	NT=ms-proteomics;VV=v1.1.0	NT=crosslinking;VV=v1.0.0	NT=human;VV=v1.1.0
C/EBPa peptide matrix	homo sapiens	not applicable	not applicable	not applicable	not available	not applicable	1	synthetic	reference	peptide pull-down	not available	not available	not available	Gladys_20170224_ER_PRISMA_blank	proteomic profiling by mass spectrometry	Gladys_20170224_ER_PRISMA_blank.raw	1	82	AC=MS:1002038;NT=label free sample	NT=Q Exactive Plus;AC=MS:1002634	NT=Data-dependent acquisition;AC=PRIDE:0000449	NT=Trypsin;AC=MS:1001251	NT=Lys-C;AC=MS:1001309	NT=Carbamidomethyl;AC=UNIMOD:4;TA=C;MT=Fixed	NT=Oxidation;AC=UNIMOD:35;TA=M;MT=Variable	NT=HCD;AC=PRIDE:0000590	26% NCE	6 ppm	20 ppm	reverse phase liquid chromatography	peptide pull-down coupled with mass spectrometry proteomics	not applicable	peptide matrix pull-down	not available	not available	TCEP	chloroacetamide	v1.1.0	NT=ms-proteomics;VV=v1.1.0	NT=crosslinking;VV=v1.0.0	NT=human;VV=v1.1.0
C/EBPa peptide matrix	homo sapiens	not applicable	not applicable	not applicable	not available	not applicable	1	synthetic	reference	peptide pull-down	not available	not available	not available	Gladys_20170224_ER_PRISMA_spot489	proteomic profiling by mass spectrometry	Gladys_20170224_ER_PRISMA_spot489.raw	1	83	AC=MS:1002038;NT=label free sample	NT=Q Exactive Plus;AC=MS:1002634	NT=Data-dependent acquisition;AC=PRIDE:0000449	NT=Trypsin;AC=MS:1001251	NT=Lys-C;AC=MS:1001309	NT=Carbamidomethyl;AC=UNIMOD:4;TA=C;MT=Fixed	NT=Oxidation;AC=UNIMOD:35;TA=M;MT=Variable	NT=HCD;AC=PRIDE:0000590	26% NCE	6 ppm	20 ppm	reverse phase liquid chromatography	peptide pull-down coupled with mass spectrometry proteomics	not applicable	peptide matrix pull-down	not available	not available	TCEP	chloroacetamide	v1.1.0	NT=ms-proteomics;VV=v1.1.0	NT=crosslinking;VV=v1.0.0	NT=human;VV=v1.1.0
C/EBPa peptide matrix	homo sapiens	not applicable	not applicable	not applicable	not available	not applicable	1	synthetic	reference	peptide pull-down	not available	not available	not available	Gladys_20170224_ER_PRISMA_spot496	proteomic profiling by mass spectrometry	Gladys_20170224_ER_PRISMA_spot496.raw	1	84	AC=MS:1002038;NT=label free sample	NT=Q Exactive Plus;AC=MS:1002634	NT=Data-dependent acquisition;AC=PRIDE:0000449	NT=Trypsin;AC=MS:1001251	NT=Lys-C;AC=MS:1001309	NT=Carbamidomethyl;AC=UNIMOD:4;TA=C;MT=Fixed	NT=Oxidation;AC=UNIMOD:35;TA=M;MT=Variable	NT=HCD;AC=PRIDE:0000590	26% NCE	6 ppm	20 ppm	reverse phase liquid chromatography	peptide pull-down coupled with mass spectrometry proteomics	not applicable	peptide matrix pull-down	not available	not available	TCEP	chloroacetamide	v1.1.0	NT=ms-proteomics;VV=v1.1.0	NT=crosslinking;VV=v1.0.0	NT=human;VV=v1.1.0
C/EBPa peptide matrix	homo sapiens	not applicable	not applicable	not applicable	not available	not applicable	1	synthetic	reference	peptide pull-down	not available	not available	not available	Gladys_20170224_ER_PRISMA_spot501	proteomic profiling by mass spectrometry	Gladys_20170224_ER_PRISMA_spot501.raw	1	85	AC=MS:1002038;NT=label free sample	NT=Q Exactive Plus;AC=MS:1002634	NT=Data-dependent acquisition;AC=PRIDE:0000449	NT=Trypsin;AC=MS:1001251	NT=Lys-C;AC=MS:1001309	NT=Carbamidomethyl;AC=UNIMOD:4;TA=C;MT=Fixed	NT=Oxidation;AC=UNIMOD:35;TA=M;MT=Variable	NT=HCD;AC=PRIDE:0000590	26% NCE	6 ppm	20 ppm	reverse phase liquid chromatography	peptide pull-down coupled with mass spectrometry proteomics	not applicable	peptide matrix pull-down	not available	not available	TCEP	chloroacetamide	v1.1.0	NT=ms-proteomics;VV=v1.1.0	NT=crosslinking;VV=v1.0.0	NT=human;VV=v1.1.0
C/EBPa peptide matrix	homo sapiens	not applicable	not applicable	not applicable	not available	not applicable	1	synthetic	reference	peptide pull-down	not available	not available	not available	Gladys_20170224_ER_PRISMA_spot506	proteomic profiling by mass spectrometry	Gladys_20170224_ER_PRISMA_spot506.raw	1	86	AC=MS:1002038;NT=label free sample	NT=Q Exactive Plus;AC=MS:1002634	NT=Data-dependent acquisition;AC=PRIDE:0000449	NT=Trypsin;AC=MS:1001251	NT=Lys-C;AC=MS:1001309	NT=Carbamidomethyl;AC=UNIMOD:4;TA=C;MT=Fixed	NT=Oxidation;AC=UNIMOD:35;TA=M;MT=Variable	NT=HCD;AC=PRIDE:0000590	26% NCE	6 ppm	20 ppm	reverse phase liquid chromatography	peptide pull-down coupled with mass spectrometry proteomics	not applicable	peptide matrix pull-down	not available	not available	TCEP	chloroacetamide	v1.1.0	NT=ms-proteomics;VV=v1.1.0	NT=crosslinking;VV=v1.0.0	NT=human;VV=v1.1.0
C/EBPa peptide matrix	homo sapiens	not applicable	not applicable	not applicable	not available	not applicable	1	synthetic	reference	peptide pull-down	not available	not available	not available	Gladys_20170224_ER_PRISMA_spot517	proteomic profiling by mass spectrometry	Gladys_20170224_ER_PRISMA_spot517.raw	1	87	AC=MS:1002038;NT=label free sample	NT=Q Exactive Plus;AC=MS:1002634	NT=Data-dependent acquisition;AC=PRIDE:0000449	NT=Trypsin;AC=MS:1001251	NT=Lys-C;AC=MS:1001309	NT=Carbamidomethyl;AC=UNIMOD:4;TA=C;MT=Fixed	NT=Oxidation;AC=UNIMOD:35;TA=M;MT=Variable	NT=HCD;AC=PRIDE:0000590	26% NCE	6 ppm	20 ppm	reverse phase liquid chromatography	peptide pull-down coupled with mass spectrometry proteomics	not applicable	peptide matrix pull-down	not available	not available	TCEP	chloroacetamide	v1.1.0	NT=ms-proteomics;VV=v1.1.0	NT=crosslinking;VV=v1.0.0	NT=human;VV=v1.1.0
C/EBPa peptide matrix	homo sapiens	not applicable	not applicable	not applicable	not available	not applicable	1	synthetic	reference	peptide pull-down	not available	not available	not available	Gladys_20170224_ER_PRISMA_spot532	proteomic profiling by mass spectrometry	Gladys_20170224_ER_PRISMA_spot532.raw	1	88	AC=MS:1002038;NT=label free sample	NT=Q Exactive Plus;AC=MS:1002634	NT=Data-dependent acquisition;AC=PRIDE:0000449	NT=Trypsin;AC=MS:1001251	NT=Lys-C;AC=MS:1001309	NT=Carbamidomethyl;AC=UNIMOD:4;TA=C;MT=Fixed	NT=Oxidation;AC=UNIMOD:35;TA=M;MT=Variable	NT=HCD;AC=PRIDE:0000590	26% NCE	6 ppm	20 ppm	reverse phase liquid chromatography	peptide pull-down coupled with mass spectrometry proteomics	not applicable	peptide matrix pull-down	not available	not available	TCEP	chloroacetamide	v1.1.0	NT=ms-proteomics;VV=v1.1.0	NT=crosslinking;VV=v1.0.0	NT=human;VV=v1.1.0
C/EBPa peptide matrix	homo sapiens	not applicable	not applicable	not applicable	not available	not applicable	1	synthetic	reference	peptide pull-down	not available	not available	not available	Gladys_20170224_ER_PRISMA_spot533	proteomic profiling by mass spectrometry	Gladys_20170224_ER_PRISMA_spot533.raw	1	89	AC=MS:1002038;NT=label free sample	NT=Q Exactive Plus;AC=MS:1002634	NT=Data-dependent acquisition;AC=PRIDE:0000449	NT=Trypsin;AC=MS:1001251	NT=Lys-C;AC=MS:1001309	NT=Carbamidomethyl;AC=UNIMOD:4;TA=C;MT=Fixed	NT=Oxidation;AC=UNIMOD:35;TA=M;MT=Variable	NT=HCD;AC=PRIDE:0000590	26% NCE	6 ppm	20 ppm	reverse phase liquid chromatography	peptide pull-down coupled with mass spectrometry proteomics	not applicable	peptide matrix pull-down	not available	not available	TCEP	chloroacetamide	v1.1.0	NT=ms-proteomics;VV=v1.1.0	NT=crosslinking;VV=v1.0.0	NT=human;VV=v1.1.0
C/EBPa peptide matrix	homo sapiens	not applicable	not applicable	not applicable	not available	not applicable	1	synthetic	reference	peptide pull-down	not available	not available	not available	Gladys_20170224_ER_PRISMA_spot536	proteomic profiling by mass spectrometry	Gladys_20170224_ER_PRISMA_spot536.raw	1	90	AC=MS:1002038;NT=label free sample	NT=Q Exactive Plus;AC=MS:1002634	NT=Data-dependent acquisition;AC=PRIDE:0000449	NT=Trypsin;AC=MS:1001251	NT=Lys-C;AC=MS:1001309	NT=Carbamidomethyl;AC=UNIMOD:4;TA=C;MT=Fixed	NT=Oxidation;AC=UNIMOD:35;TA=M;MT=Variable	NT=HCD;AC=PRIDE:0000590	26% NCE	6 ppm	20 ppm	reverse phase liquid chromatography	peptide pull-down coupled with mass spectrometry proteomics	not applicable	peptide matrix pull-down	not available	not available	TCEP	chloroacetamide	v1.1.0	NT=ms-proteomics;VV=v1.1.0	NT=crosslinking;VV=v1.0.0	NT=human;VV=v1.1.0
C/EBPa peptide matrix	homo sapiens	not applicable	not applicable	not applicable	not available	not applicable	1	synthetic	reference	peptide pull-down	not available	not available	not available	Gladys_20170224_ER_PRISMA_spot539	proteomic profiling by mass spectrometry	Gladys_20170224_ER_PRISMA_spot539.raw	1	91	AC=MS:1002038;NT=label free sample	NT=Q Exactive Plus;AC=MS:1002634	NT=Data-dependent acquisition;AC=PRIDE:0000449	NT=Trypsin;AC=MS:1001251	NT=Lys-C;AC=MS:1001309	NT=Carbamidomethyl;AC=UNIMOD:4;TA=C;MT=Fixed	NT=Oxidation;AC=UNIMOD:35;TA=M;MT=Variable	NT=HCD;AC=PRIDE:0000590	26% NCE	6 ppm	20 ppm	reverse phase liquid chromatography	peptide pull-down coupled with mass spectrometry proteomics	not applicable	peptide matrix pull-down	not available	not available	TCEP	chloroacetamide	v1.1.0	NT=ms-proteomics;VV=v1.1.0	NT=crosslinking;VV=v1.0.0	NT=human;VV=v1.1.0
C/EBPa peptide matrix	homo sapiens	not applicable	not applicable	not applicable	not available	not applicable	1	synthetic	reference	peptide pull-down	not available	not available	not available	Gladys_20170224_ER_PRISMA_spot540	proteomic profiling by mass spectrometry	Gladys_20170224_ER_PRISMA_spot540.raw	1	92	AC=MS:1002038;NT=label free sample	NT=Q Exactive Plus;AC=MS:1002634	NT=Data-dependent acquisition;AC=PRIDE:0000449	NT=Trypsin;AC=MS:1001251	NT=Lys-C;AC=MS:1001309	NT=Carbamidomethyl;AC=UNIMOD:4;TA=C;MT=Fixed	NT=Oxidation;AC=UNIMOD:35;TA=M;MT=Variable	NT=HCD;AC=PRIDE:0000590	26% NCE	6 ppm	20 ppm	reverse phase liquid chromatography	peptide pull-down coupled with mass spectrometry proteomics	not applicable	peptide matrix pull-down	not available	not available	TCEP	chloroacetamide	v1.1.0	NT=ms-proteomics;VV=v1.1.0	NT=crosslinking;VV=v1.0.0	NT=human;VV=v1.1.0
C/EBPa peptide matrix	homo sapiens	not applicable	not applicable	not applicable	not available	not applicable	1	synthetic	reference	peptide pull-down	not available	not available	not available	Gladys_20170224_ER_PRISMA_spot541	proteomic profiling by mass spectrometry	Gladys_20170224_ER_PRISMA_spot541.raw	1	93	AC=MS:1002038;NT=label free sample	NT=Q Exactive Plus;AC=MS:1002634	NT=Data-dependent acquisition;AC=PRIDE:0000449	NT=Trypsin;AC=MS:1001251	NT=Lys-C;AC=MS:1001309	NT=Carbamidomethyl;AC=UNIMOD:4;TA=C;MT=Fixed	NT=Oxidation;AC=UNIMOD:35;TA=M;MT=Variable	NT=HCD;AC=PRIDE:0000590	26% NCE	6 ppm	20 ppm	reverse phase liquid chromatography	peptide pull-down coupled with mass spectrometry proteomics	not applicable	peptide matrix pull-down	not available	not available	TCEP	chloroacetamide	v1.1.0	NT=ms-proteomics;VV=v1.1.0	NT=crosslinking;VV=v1.0.0	NT=human;VV=v1.1.0
C/EBPa peptide matrix	homo sapiens	not applicable	not applicable	not applicable	not available	not applicable	1	synthetic	reference	peptide pull-down	not available	not available	not available	Gladys_20170224_ER_PRISMA_spot542	proteomic profiling by mass spectrometry	Gladys_20170224_ER_PRISMA_spot542.raw	1	94	AC=MS:1002038;NT=label free sample	NT=Q Exactive Plus;AC=MS:1002634	NT=Data-dependent acquisition;AC=PRIDE:0000449	NT=Trypsin;AC=MS:1001251	NT=Lys-C;AC=MS:1001309	NT=Carbamidomethyl;AC=UNIMOD:4;TA=C;MT=Fixed	NT=Oxidation;AC=UNIMOD:35;TA=M;MT=Variable	NT=HCD;AC=PRIDE:0000590	26% NCE	6 ppm	20 ppm	reverse phase liquid chromatography	peptide pull-down coupled with mass spectrometry proteomics	not applicable	peptide matrix pull-down	not available	not available	TCEP	chloroacetamide	v1.1.0	NT=ms-proteomics;VV=v1.1.0	NT=crosslinking;VV=v1.0.0	NT=human;VV=v1.1.0
